3322|3043|1|[International]|[1]|[International - FIFA World Cup]|[776_7532]|[Group Stage]|[available]|[Denmark]|[Denmark]|[Denmark]|[7532]|[2018]|[male]|[2018]|[776]|[FIFA World Cup]|[2018-06-16 00:00:00]
3539|3457|1|[International]|[1]|[International - FIFA World Cup]|[782_7536]|[Group Stage]|[available]|[Belgium]|[Belgium]|[Belgium]|[7536]|[2018]|[male]|[2018]|[782]|[FIFA World Cup]|[2018-06-18 00:00:00]
3810|3530|3|[International]|[3, 1, 2]|[International - FIFA World Cup]|[778_7541, 778_7572, 778_7556]|[Group Stage]|[available]|[Japan]|[Japan]|[Japan]|[7556, 7572, 7541]|[2018]|[male]|[2018]|[778]|[FIFA World Cup]|[2018-06-28 00:00:00, 2018-06-24 00:00:00, 2018-06-19 00:00:00]
3990|3063|1|[Europe]|[7]|[Europe - Champions League]|[220_18243]|[Final]|[available]|[Spain]|[Brazil]|[Real Madrid]|[18243]|[2015/2016]|[male]|[2015/2016]|[220]|[Champions League]|[2016-05-28 00:00:00]
4174|3614|1|[Europe]|[7]|[Europe - Champions League]|[24_18245]|[Final]|[available]|[Estonia]|[England]|[Liverpool]|[18245]|[2017/2018]|[male]|[2017/2018]|[24]|[Champions League]|[2018-05-26 00:00:00]
4960|4941|1|[United States of America]|[9]|[United States of America - NWSL]|[759_7520]|[Regular Season]|[available]|[United States of America]|[United States of America]|[Washington Spirit]|[7520]|[2018]|[female]|[2018]|[759]|[NWSL]|[2018-06-03 00:00:00]
5024|4991|1|[United States of America]|[15]|[United States of America - NWSL]|[767_7480]|[Regular Season]|[available]|[United States of America]|[United States of America]|[Utah Royals]|[7480]|[2018]|[female]|[2018]|[767]|[NWSL]|[2018-07-12 00:00:00]
5031|4979|5|[United States of America]|[13, 15, 16, 6]|[United States of America - NWSL]|[767_7480, 767_7473, 767_7445, 767_7477, 767_7483]|[Regular Season]|[available]|[United States of America]|[Australia]|[Utah Royals]|[7473, 7445, 7477, 7483, 7480]|[2018]|[female]|[2018]|[767]|[NWSL]|[2018-07-01 00:00:00, 2018-07-12 00:00:00, 2018-07-07 00:00:00, 2018-07-15 00:00:00, 2018-05-06 00:00:00]
5042|5037|1|[United States of America]|[10]|[United States of America - NWSL]|[766_7522]|[Regular Season]|[available]|[United States of America]|[New Zealand]|[North Carolina Courage]|[7522]|[2018]|[female]|[2018]|[766]|[NWSL]|[2018-06-04 00:00:00]
5074|5060|4|[United States of America]|[15, 14, 9, 10]|[United States of America - NWSL]|[764_7471, 764_7457, 764_7524, 764_7523]|[Regular Season]|[available]|[Canada]|[Brazil]|[Orlando Pride]|[7523, 7524, 7457, 7471]|[2018]|[female]|[2018]|[764]|[NWSL]|[2018-05-24 00:00:00, 2018-06-30 00:00:00, 2018-07-12 00:00:00, 2018-06-04 00:00:00]
5088|5057|1|[United States of America]|[15]|[United States of America - NWSL]|[766_7471]|[Regular Season]|[available]|[United States of America]|[United States of America]|[North Carolina Courage]|[7471]|[2018]|[female]|[2018]|[766]|[NWSL]|[2018-06-30 00:00:00]
5092|5020|5|[United States of America]|[20, 15, 16, 11]|[United States of America - NWSL]|[765_7500, 765_7519, 765_7486, 765_7477, 765_7490]|[Regular Season]|[available]|[United States of America]|[Canada]|[Portland Thorns]|[7519, 7490, 7486, 7477, 7500]|[2018]|[female]|[2018]|[765]|[NWSL]|[2018-07-22 00:00:00, 2018-05-31 00:00:00, 2018-07-07 00:00:00, 2018-08-12 00:00:00, 2018-07-16 00:00:00]
5213|3508|7|[Spain]|[3, 15, 2, 5, 8, 7, 6]|[Spain - La Liga]|[217_266961, 217_266838, 217_70273, 217_267611, 217_265896, 217_266406, 217_267561]|[Regular Season]|[available]|[Spain]|[Spain]|[Barcelona]|[266838, 267561, 267611, 266961, 266406, 70273, 265896]|[2015/2016, 2014/2015]|[male]|[2015/2016, 2014/2015]|[217]|[La Liga]|[2014-08-31 00:00:00, 2014-09-13 00:00:00, 2015-12-12 00:00:00, 2015-09-26 00:00:00, 2014-10-18 00:00:00, 2014-10-04 00:00:00, 2014-09-24 00:00:00]
5216|4913|70|[Spain, Europe]|[29, 1, 15, 5, 30, 8, 11, 16, 4, 9, 7, 13, 17, 31, 38, 19, 3, 23, 21, 26, 2, 14, 22, 28, 33, 24, 10, 25, 20, 12, 27, 34, 6, 18]|[Europe - Champions League, Spain - La Liga]|[217_69253, 217_69222, 217_69173, 217_69215, 217_69170, 217_69235, 217_69210, 217_69306, 217_69220, 217_69233, 217_69242, 217_69248, 217_69177, 217_69211, 217_69291, 217_69289, 217_69288, 217_68363, 217_69195, 217_69303, 217_69278, 217_69166, 217_68364, 217_69144, 217_69224, 217_69219, 217_18236, 217_3750201, 217_69299, 217_69249, 217_69142, 217_69223, 217_69143, 217_69300, 217_69280, 217_69307, 217_69257, 217_69189, 217_69212, 217_69237, 217_69181, 217_69275, 217_69147, 217_69236, 217_69232, 217_69302, 217_69148, 217_69286, 217_69276, 217_69305, 217_69283, 217_69304, 217_69138, 217_69184, 217_69267, 217_69287, 217_69252, 217_69207, 217_69263, 217_69145, 217_68356, 217_69269, 217_68360, 217_69295, 217_69187, 217_69178, 217_68359, 217_69230, 217_69238, 217_69243]|[Final, Regular Season]|[available]|[Spain]|[Spain]|[Barcelona]|[69305, 69148, 69166, 69243, 69291, 69304, 69242, 69238, 69181, 69275, 69299, 69249, 69177, 18236, 69219, 69222, 69288, 69237, 68363, 69210, 3750201, 69302, 69276, 69283, 69263, 69223, 69269, 69138, 69300, 69295, 69232, 69170, 69286, 69178, 69189, 69224, 69235, 69173, 68364, 69145, 69267, 69307, 69303, 68359, 69252, 69195, 69248, 69287, 69212, 69236, 69233, 69207, 69253, 69215, 69280, 69184, 69257, 68360, 69278, 68356, 69211, 69142, 69306, 69187, 69143, 69147, 69144, 69289, 69220, 69230]|[2010/2011, 2008/2009, 2009/2010, 2007/2008]|[male]|[2010/2011, 2008/2009, 2009/2010, 2007/2008]|[217]|[La Liga, Champions League]|[2010-03-24 00:00:00, 2010-02-20 00:00:00, 2010-10-03 00:00:00, 2010-12-04 00:00:00, 2010-02-14 00:00:00, 2010-09-19 00:00:00, 2010-12-12 00:00:00, 2008-02-03 00:00:00, 2008-10-25 00:00:00, 2008-08-31 00:00:00, 2009-04-11 00:00:00, 2010-10-30 00:00:00, 2009-02-14 00:00:00, 2009-01-11 00:00:00, 2011-03-13 00:00:00, 2008-01-27 00:00:00, 2007-12-09 00:00:00, 2007-12-01 00:00:00, 2009-12-02 00:00:00, 2009-05-27 00:00:00, 2009-10-25 00:00:00, 2010-01-30 00:00:00, 2008-01-20 00:00:00, 2009-03-15 00:00:00, 2007-11-01 00:00:00, 2008-04-19 00:00:00, 2010-09-11 00:00:00, 2010-05-16 00:00:00, 2011-02-05 00:00:00, 2008-09-27 00:00:00, 2010-01-16 00:00:00, 2009-01-24 00:00:00, 2008-11-01 00:00:00, 2007-11-10 00:00:00, 2008-02-24 00:00:00, 2008-09-13 00:00:00, 2009-11-21 00:00:00, 2008-09-24 00:00:00, 2007-11-04 00:00:00, 2009-10-17 00:00:00, 2011-03-05 00:00:00, 2011-03-19 00:00:00, 2007-09-26 00:00:00, 2011-01-16 00:00:00, 2010-01-23 00:00:00, 2010-01-10 00:00:00, 2009-04-18 00:00:00, 2010-02-27 00:00:00, 2011-04-02 00:00:00, 2011-04-09 00:00:00, 2011-05-28 00:00:00, 2008-10-04 00:00:00, 2007-11-24 00:00:00, 2009-05-02 00:00:00, 2007-09-22 00:00:00, 2007-12-15 00:00:00, 2007-10-20 00:00:00, 2011-02-26 00:00:00, 2007-10-07 00:00:00, 2010-11-20 00:00:00, 2011-01-22 00:00:00, 2010-10-23 00:00:00, 2009-03-22 00:00:00, 2011-02-12 00:00:00, 2010-03-14 00:00:00, 2010-11-29 00:00:00, 2010-12-18 00:00:00, 2010-08-29 00:00:00, 2011-01-08 00:00:00, 2008-09-21 00:00:00]
5244|5243|1|[International]|[1]|[International - FIFA World Cup]|[788_7577]|[Group Stage]|[available]|[Morocco]|[Morocco]|[Morocco]|[7577]|[2018]|[male]|[2018]|[788]|[FIFA World Cup]|[2018-06-15 00:00:00]
5464|3963|3|[International]|[3, 1, 2]|[International - FIFA World Cup]|[775_7564, 775_7529, 775_7549]|[Group Stage]|[available]|[Nigeria]|[Nigeria]|[Nigeria]|[7564, 7529, 7549]|[2018]|[male]|[2018]|[775]|[FIFA World Cup]|[2018-06-16 00:00:00, 2018-06-26 00:00:00, 2018-06-22 00:00:00]
5470|3501|43|[Spain]|[29, 1, 15, 5, 30, 8, 16, 4, 9, 7, 17, 31, 38, 19, 3, 23, 26, 21, 2, 37, 24, 22, 28, 35, 33, 14, 36, 25, 20, 27, 34, 6, 18]|[Spain - La Liga]|[217_16157, 217_15986, 217_16173, 217_15946, 217_9827, 217_16136, 217_9794, 217_9948, 217_16029, 217_16010, 217_16023, 217_16120, 217_15978, 217_16190, 217_16182, 217_16248, 217_15998, 217_9870, 217_16215, 217_9912, 217_16205, 217_16109, 217_16095, 217_9860, 217_16086, 217_16079, 217_16265, 217_15956, 217_9811, 217_9799, 217_9837, 217_16131, 217_15973, 217_9855, 217_16196, 217_16289, 217_9928, 217_9774, 217_16306, 217_16240, 217_16231, 217_16149, 217_9924]|[Regular Season]|[available]|[Croatia]|[Brazil]|[Barcelona]|[16231, 16157, 15946, 16190, 15956, 16173, 9870, 16182, 15986, 16029, 9948, 9924, 16079, 16215, 16306, 9774, 9827, 16109, 16248, 16265, 9837, 16086, 9855, 16136, 16240, 9811, 16205, 15978, 9860, 9912, 15973, 9794, 16010, 9799, 9928, 16120, 15998, 16095, 16149, 16289, 16023, 16131, 16196]|[2018/2019, 2017/2018]|[male]|[2018/2019, 2017/2018]|[217]|[La Liga]|[2019-01-20 00:00:00, 2018-05-09 00:00:00, 2018-12-08 00:00:00, 2018-08-25 00:00:00, 2018-02-17 00:00:00, 2019-03-02 00:00:00, 2018-09-15 00:00:00, 2018-09-02 00:00:00, 2019-03-17 00:00:00, 2019-03-09 00:00:00, 2019-01-06 00:00:00, 2019-02-16 00:00:00, 2019-02-23 00:00:00, 2019-01-13 00:00:00, 2018-09-23 00:00:00, 2018-02-11 00:00:00, 2019-05-12 00:00:00, 2019-04-20 00:00:00, 2018-03-01 00:00:00, 2018-02-24 00:00:00, 2019-04-02 00:00:00, 2018-04-07 00:00:00, 2018-12-02 00:00:00, 2019-03-30 00:00:00, 2018-03-04 00:00:00, 2018-01-28 00:00:00, 2019-02-10 00:00:00, 2019-04-06 00:00:00, 2018-05-20 00:00:00, 2018-09-29 00:00:00, 2018-05-06 00:00:00, 2018-03-31 00:00:00, 2018-09-26 00:00:00, 2019-04-27 00:00:00, 2019-02-02 00:00:00, 2018-12-22 00:00:00, 2018-03-18 00:00:00, 2018-08-18 00:00:00, 2018-04-29 00:00:00, 2018-10-07 00:00:00, 2019-01-27 00:00:00, 2018-12-16 00:00:00, 2018-10-20 00:00:00]
5486|5479|3|[International]|[3, 1, 2]|[International - FIFA World Cup]|[792_7562, 792_7547, 792_7530]|[Group Stage]|[available]|[Australia]|[Australia]|[Australia]|[7562, 7530, 7547]|[2018]|[male]|[2018]|[792]|[FIFA World Cup]|[2018-06-16 00:00:00, 2018-06-21 00:00:00, 2018-06-26 00:00:00]
5489|3281|3|[International]|[3, 1, 2]|[International - FIFA World Cup]|[792_7562, 792_7547, 792_7530]|[Group Stage]|[available]|[Australia]|[Australia]|[Australia]|[7562, 7530, 7547]|[2018]|[male]|[2018]|[792]|[FIFA World Cup]|[2018-06-16 00:00:00, 2018-06-21 00:00:00, 2018-06-26 00:00:00]
5509|5502|2|[International]|[1, 2]|[International - FIFA World Cup]|[793_7531, 793_7549]|[Group Stage]|[available]|[Iceland]|[Iceland]|[Iceland]|[7531, 7549]|[2018]|[male]|[2018]|[793]|[FIFA World Cup]|[2018-06-16 00:00:00, 2018-06-22 00:00:00]
5544|3500|4|[International]|[3, 1, 2, 4]|[International - FIFA World Cup]|[773_7533, 773_7568, 773_7586, 773_7550]|[Group Stage, Round of 16]|[available]|[Switzerland]|[Switzerland]|[Switzerland]|[7586, 7568, 7550, 7533]|[2018]|[male]|[2018]|[773]|[FIFA World Cup]|[2018-07-03 00:00:00, 2018-06-17 00:00:00, 2018-06-27 00:00:00, 2018-06-22 00:00:00]
5547|5539|4|[International]|[3, 1, 2, 4]|[International - FIFA World Cup]|[781_7533, 781_7548, 781_7583, 781_7565]|[Group Stage, Round of 16]|[available]|[Brazil]|[Brazil]|[Brazil]|[7565, 7548, 7533, 7583]|[2018]|[male]|[2018]|[781]|[FIFA World Cup]|[2018-06-17 00:00:00, 2018-07-02 00:00:00, 2018-06-27 00:00:00, 2018-06-22 00:00:00]
5553|3472|3|[International]|[3, 1, 5]|[International - FIFA World Cup]|[781_7533, 781_8650, 781_7565]|[Group Stage, Quarter-finals]|[available]|[Brazil]|[Brazil]|[Brazil]|[7565, 8650, 7533]|[2018]|[male]|[2018]|[781]|[FIFA World Cup]|[2018-07-06 00:00:00, 2018-06-17 00:00:00, 2018-06-27 00:00:00]
5617|3702|3|[International]|[3, 2, 5]|[International - FIFA World Cup]|[790_7566, 790_7551, 790_8651]|[Group Stage, Quarter-finals]|[available]|[Sweden]|[Sweden]|[Sweden]|[7566, 8651, 7551]|[2018]|[male]|[2018]|[790]|[FIFA World Cup]|[2018-06-23 00:00:00, 2018-07-07 00:00:00, 2018-06-27 00:00:00]
5624|5622|5|[International]|[3, 1, 2, 5, 4]|[International - FIFA World Cup]|[790_7566, 790_7551, 790_7586, 790_8651, 790_7538]|[Group Stage, Round of 16, Quarter-finals]|[available]|[Sweden]|[Sweden]|[Sweden]|[7586, 7566, 8651, 7551, 7538]|[2018]|[male]|[2018]|[790]|[FIFA World Cup]|[2018-07-03 00:00:00, 2018-06-23 00:00:00, 2018-07-07 00:00:00, 2018-06-18 00:00:00, 2018-06-27 00:00:00]
5646|5645|2|[International]|[1, 2]|[International - FIFA World Cup]|[798_7554, 798_7536]|[Group Stage]|[available]|[Panama]|[Panama]|[Panama]|[7554, 7536]|[2018]|[male]|[2018]|[798]|[FIFA World Cup]|[2018-06-18 00:00:00, 2018-06-24 00:00:00]
5664|2941|3|[International]|[3, 1, 2]|[International - FIFA World Cup]|[787_7571, 787_7539, 787_7556]|[Group Stage]|[available]|[Senegal]|[Senegal]|[Senegal]|[7556, 7539, 7571]|[2018]|[male]|[2018]|[787]|[FIFA World Cup]|[2018-06-28 00:00:00, 2018-06-24 00:00:00, 2018-06-19 00:00:00]
5671|2942|1|[International]|[1]|[International - FIFA World Cup]|[787_7539]|[Group Stage]|[available]|[Senegal]|[Senegal]|[Senegal]|[7539]|[2018]|[male]|[2018]|[787]|[FIFA World Cup]|[2018-06-19 00:00:00]
5727|5244|1|[International]|[2]|[International - FIFA World Cup]|[788_7542]|[Group Stage]|[available]|[Morocco]|[Morocco]|[Morocco]|[7542]|[2018]|[male]|[2018]|[788]|[FIFA World Cup]|[2018-06-20 00:00:00]
5830|3139|1|[International]|[2]|[International - FIFA World Cup]|[775_7549]|[Group Stage]|[available]|[Nigeria]|[Nigeria]|[Nigeria]|[7549]|[2018]|[male]|[2018]|[775]|[FIFA World Cup]|[2018-06-22 00:00:00]
5838|5552|3|[International]|[3, 2, 5]|[International - FIFA World Cup]|[781_8650, 781_7548, 781_7565]|[Group Stage, Quarter-finals]|[available]|[Brazil]|[Brazil]|[Brazil]|[7565, 8650, 7548]|[2018]|[male]|[2018]|[781]|[FIFA World Cup]|[2018-07-06 00:00:00, 2018-06-27 00:00:00, 2018-06-22 00:00:00]
5986|5618|3|[International]|[3, 1, 2]|[International - FIFA World Cup]|[791_7553, 791_7567, 791_7538]|[Group Stage]|[available]|[Korea (South)]|[Korea (South)]|[South Korea]|[7567, 7553, 7538]|[2018]|[male]|[2018]|[791]|[FIFA World Cup]|[2018-06-23 00:00:00, 2018-06-18 00:00:00, 2018-06-27 00:00:00]
6292|3531|2|[International]|[3, 1]|[International - FIFA World Cup]|[774_7559, 774_7578]|[Group Stage]|[available]|[Egypt]|[Egypt]|[Egypt]|[7578, 7559]|[2018]|[male]|[2018]|[774]|[FIFA World Cup]|[2018-06-25 00:00:00, 2018-06-15 00:00:00]
6312|3313|1|[International]|[2]|[International - FIFA World Cup]|[779_7545]|[Group Stage]|[available]|[Argentina]|[Argentina]|[Argentina]|[7545]|[2018]|[male]|[2018]|[779]|[FIFA World Cup]|[2018-06-21 00:00:00]
6339|5682|1|[International]|[3]|[International - FIFA World Cup]|[778_7572]|[Group Stage]|[available]|[Japan]|[Japan]|[Japan]|[7572]|[2018]|[male]|[2018]|[778]|[FIFA World Cup]|[2018-06-28 00:00:00]
6357|5503|10|[Spain]|[29, 3, 1, 2, 5, 30, 22, 9, 7]|[Spain - La Liga]|[217_69298, 217_69316, 217_70302, 217_69335, 217_70298, 217_69304, 217_69247, 217_70276, 217_69268, 217_266420]|[Regular Season]|[available]|[Mexico]|[Argentina]|[Barcelona]|[69304, 70298, 266420, 69335, 69268, 70302, 69298, 69247, 69316, 70276]|[2010/2011, 2011/2012, 2012/2013, 2013/2014, 2009/2010]|[male]|[2010/2011, 2011/2012, 2012/2013, 2013/2014, 2009/2010]|[217]|[La Liga]|[2010-04-03 00:00:00, 2013-09-28 00:00:00, 2011-08-29 00:00:00, 2013-09-21 00:00:00, 2012-10-27 00:00:00, 2011-04-02 00:00:00, 2010-03-27 00:00:00, 2012-02-04 00:00:00, 2012-01-22 00:00:00, 2013-09-01 00:00:00]
6375|5256|3|[Spain, Europe]|[19, 35, 7]|[Europe - Champions League, Spain - La Liga]|[212_18241, 212_265830, 212_70284]|[Final, Regular Season]|[available]|[Spain]|[Uruguay]|[Atlético Madrid]|[265830, 18241, 70284]|[2012/2013, 2013/2014]|[male]|[2012/2013, 2013/2014]|[212]|[La Liga, Champions League]|[2013-05-12 00:00:00, 2014-05-24 00:00:00, 2014-01-11 00:00:00]
6378|5249|9|[Spain, Europe]|[3, 31, 5, 8, 27, 37, 24, 22, 7]|[Europe - Champions League, Spain - La Liga]|[212_18243, 212_9837, 212_267464, 212_266166, 212_9642, 212_266631, 212_267220, 212_16248, 212_267576]|[Final, Regular Season]|[available]|[Slovenia]|[Uruguay]|[Atlético Madrid]|[266166, 267576, 16248, 267464, 9837, 18243, 267220, 9642, 266631]|[2015/2016, 2018/2019, 2016/2017, 2017/2018, 2014/2015]|[male]|[2015/2016, 2018/2019, 2016/2017, 2017/2018, 2014/2015]|[212]|[La Liga, Champions League]|[2015-05-17 00:00:00, 2016-05-28 00:00:00, 2015-09-12 00:00:00, 2016-01-30 00:00:00, 2017-10-14 00:00:00, 2018-03-04 00:00:00, 2017-02-26 00:00:00, 2019-04-06 00:00:00, 2016-09-21 00:00:00]
6393|6391|6|[Spain]|[29, 23, 21, 2, 7, 10]|[Spain - La Liga]|[215_16010, 215_9855, 215_16173, 215_9661, 215_266874, 215_266892]|[Regular Season]|[available]|[Spain]|[Spain]|[Athletic Bilbao]|[266892, 16173, 16010, 9661, 9855, 266874]|[2018/2019, 2016/2017, 2017/2018]|[male]|[2018/2019, 2016/2017, 2017/2018]|[215]|[La Liga]|[2016-08-28 00:00:00, 2017-02-04 00:00:00, 2018-03-18 00:00:00, 2017-10-28 00:00:00, 2019-02-10 00:00:00, 2018-09-29 00:00:00]
6401|5718|2|[Spain]|[8, 22]|[Spain - La Liga]|[207_16023, 207_16157]|[Regular Season]|[available]|[France]|[Spain]|[Valencia]|[16157, 16023]|[2018/2019]|[male]|[2018/2019]|[207]|[La Liga]|[2019-02-02 00:00:00, 2018-10-07 00:00:00]
6572|6351|4|[Spain]|[25, 21, 5, 6]|[Spain - La Liga]|[211_16149, 211_9620, 211_9811, 211_15986]|[Regular Season]|[available]|[Spain]|[Uruguay]|[Girona]|[9620, 15986, 16149, 9811]|[2018/2019, 2017/2018]|[male]|[2018/2019, 2017/2018]|[211]|[La Liga]|[2017-09-23 00:00:00, 2018-09-23 00:00:00, 2019-01-27 00:00:00, 2018-02-24 00:00:00]
6582|6573|4|[Spain]|[25, 21, 5, 6]|[Spain - La Liga]|[211_16149, 211_9620, 211_9811, 211_15986]|[Regular Season]|[available]|[Spain]|[Colombia]|[Girona]|[9620, 15986, 16149, 9811]|[2018/2019, 2017/2018]|[male]|[2018/2019, 2017/2018]|[211]|[La Liga]|[2017-09-23 00:00:00, 2018-09-23 00:00:00, 2019-01-27 00:00:00, 2018-02-24 00:00:00]
6591|4367|1|[Spain]|[13]|[Spain - La Liga]|[207_9695]|[Regular Season]|[available]|[Spain]|[Portugal]|[Valencia]|[9695]|[2017/2018]|[male]|[2017/2018]|[207]|[La Liga]|[2017-11-26 00:00:00]
6593|5503|36|[Spain]|[29, 3, 23, 5, 30, 8, 37, 32, 11, 16, 14, 4, 24, 33, 9, 7, 36, 25, 20, 17, 13, 12, 38, 27, 34]|[Spain - La Liga]|[217_70219, 217_70302, 217_266724, 217_70280, 217_70273, 217_267192, 217_70300, 217_70263, 217_69343, 217_266462, 217_70292, 217_266967, 217_267400, 217_70276, 217_266741, 217_267675, 217_266846, 217_266883, 217_69328, 217_70288, 217_69283, 217_70271, 217_267138, 217_266794, 217_265963, 217_69320, 217_266240, 217_69319, 217_70309, 217_70256, 217_69325, 217_70224, 217_70283, 217_70304, 217_265837, 217_69246]|[Regular Season]|[available]|[Spain]|[Argentina]|[Barcelona]|[69328, 70283, 70256, 70224, 266724, 267675, 266846, 70288, 266794, 69319, 70263, 267192, 266462, 266741, 70219, 267400, 267138, 70302, 266967, 69320, 266240, 69343, 70280, 265837, 70273, 69283, 265963, 70271, 69246, 70292, 70309, 69325, 70300, 70304, 266883, 70276]|[2010/2011, 2011/2012, 2012/2013, 2013/2014, 2014/2015]|[male]|[2010/2011, 2011/2012, 2012/2013, 2013/2014, 2014/2015]|[217]|[La Liga]|[2013-10-19 00:00:00, 2013-03-30 00:00:00, 2014-02-09 00:00:00, 2012-05-12 00:00:00, 2012-04-07 00:00:00, 2013-09-21 00:00:00, 2015-04-28 00:00:00, 2012-11-17 00:00:00, 2013-11-10 00:00:00, 2015-04-08 00:00:00, 2015-02-15 00:00:00, 2011-02-26 00:00:00, 2014-12-20 00:00:00, 2012-11-11 00:00:00, 2012-11-25 00:00:00, 2014-04-12 00:00:00, 2013-02-23 00:00:00, 2013-11-01 00:00:00, 2014-09-13 00:00:00, 2012-10-20 00:00:00, 2015-03-14 00:00:00, 2013-10-29 00:00:00, 2015-01-24 00:00:00, 2012-03-24 00:00:00, 2012-05-05 00:00:00, 2012-04-10 00:00:00, 2012-10-27 00:00:00, 2012-02-19 00:00:00, 2012-12-01 00:00:00, 2015-01-04 00:00:00, 2012-09-15 00:00:00, 2012-04-29 00:00:00, 2011-04-30 00:00:00, 2014-01-19 00:00:00, 2014-02-22 00:00:00, 2012-10-07 00:00:00]
6596|6589|3|[Spain]|[13, 8, 32]|[Spain - La Liga]|[207_9880, 207_9695, 207_16023]|[Regular Season]|[available]|[Spain]|[International]|[Valencia]|[9880, 9695, 16023]|[2018/2019, 2017/2018]|[male]|[2018/2019, 2017/2018]|[207]|[La Liga]|[2018-10-07 00:00:00, 2018-04-14 00:00:00, 2017-11-26 00:00:00]
6601|3246|1|[Spain]|[6]|[Spain - La Liga]|[205_15998]|[Regular Season]|[available]|[Spain]|[Argentina]|[Leganés]|[15998]|[2018/2019]|[male]|[2018/2019]|[205]|[La Liga]|[2018-09-26 00:00:00]
6616|3501|11|[Spain]|[3, 15, 2, 5, 8, 16, 14, 4, 9, 7, 6]|[Spain - La Liga]|[217_16023, 217_15986, 217_15978, 217_15998, 217_15956, 217_15973, 217_16029, 217_16010, 217_16095, 217_16086, 217_16079]|[Regular Season]|[available]|[Spain]|[Brazil]|[Barcelona]|[15956, 15998, 15973, 15986, 16029, 16095, 16086, 16010, 16023, 16079, 15978]|[2018/2019]|[male]|[2018/2019]|[217]|[La Liga]|[2018-09-26 00:00:00, 2018-12-02 00:00:00, 2018-12-08 00:00:00, 2018-08-25 00:00:00, 2018-09-15 00:00:00, 2018-09-23 00:00:00, 2018-10-07 00:00:00, 2018-09-29 00:00:00, 2018-09-02 00:00:00, 2018-12-16 00:00:00, 2018-10-20 00:00:00]
6632|6615|1|[Spain]|[1]|[Spain - La Liga]|[206_15946]|[Regular Season]|[available]|[Spain]|[Spain]|[Deportivo Alavés]|[15946]|[2018/2019]|[male]|[2018/2019]|[206]|[La Liga]|[2018-08-18 00:00:00]
6636|6628|1|[Spain]|[2]|[Spain - La Liga]|[206_9581]|[Regular Season]|[available]|[Brazil]|[Paraguay]|[Deportivo Alavés]|[9581]|[2017/2018]|[male]|[2017/2018]|[206]|[La Liga]|[2017-08-26 00:00:00]
6725|5741|2|[Spain]|[14, 28]|[Spain - La Liga]|[207_266440, 207_267274]|[Regular Season]|[available]|[Belgium]|[Argentina]|[Valencia]|[267274, 266440]|[2015/2016, 2016/2017]|[male]|[2015/2016, 2016/2017]|[207]|[La Liga]|[2017-03-19 00:00:00, 2015-12-05 00:00:00]
6733|6627|1|[Spain]|[1]|[Spain - La Liga]|[1042_266921]|[Regular Season]|[available]|[Spain]|[Uruguay]|[Elche]|[266921]|[2014/2015]|[male]|[2014/2015]|[1042]|[La Liga]|[2014-08-24 00:00:00]
6733|6720|1|[Spain]|[36]|[Spain - La Liga]|[216_266491]|[Regular Season]|[available]|[Spain]|[Spain]|[Getafe]|[266491]|[2013/2014]|[male]|[2013/2014]|[216]|[La Liga]|[2014-05-03 00:00:00]
6735|3324|1|[Spain]|[30]|[Spain - La Liga]|[222_266106]|[Regular Season]|[available]|[Spain]|[Côte d'Ivoire]|[Villarreal]|[266106]|[2015/2016]|[male]|[2015/2016]|[222]|[La Liga]|[2016-03-20 00:00:00]
6739|6559|1|[Spain]|[9]|[Spain - La Liga]|[223_9650]|[Regular Season]|[available]|[Uruguay]|[Spain]|[Málaga]|[9650]|[2017/2018]|[male]|[2017/2018]|[223]|[La Liga]|[2017-10-21 00:00:00]
6770|3236|2|[Spain]|[15, 22]|[Spain - La Liga]|[214_16086, 214_9783]|[Regular Season]|[available]|[Spain]|[Spain]|[Espanyol]|[16086, 9783]|[2018/2019, 2017/2018]|[male]|[2018/2019, 2017/2018]|[214]|[La Liga]|[2018-02-04 00:00:00, 2018-12-08 00:00:00]
6773|6729|2|[Spain]|[16, 35]|[Spain - La Liga]|[219_9726, 219_9912]|[Regular Season]|[available]|[Uruguay]|[Brazil]|[Deportivo La Coruna]|[9912, 9726]|[2017/2018]|[male]|[2017/2018]|[219]|[La Liga]|[2017-12-17 00:00:00, 2018-04-29 00:00:00]
6794|6594|3|[Spain]|[29, 30, 11]|[Spain - La Liga]|[209_267192, 209_266274, 209_266929]|[Regular Season]|[available]|[Argentina]|[Spain]|[Celta Vigo]|[266929, 267192, 266274]|[2013/2014, 2014/2015]|[male]|[2013/2014, 2014/2015]|[209]|[La Liga]|[2014-03-26 00:00:00, 2015-04-05 00:00:00, 2013-10-29 00:00:00]
6807|6681|1|[Spain]|[16]|[Spain - La Liga]|[221_16095]|[Regular Season]|[available]|[Spain]|[Spain]|[Levante]|[16095]|[2018/2019]|[male]|[2018/2019]|[221]|[La Liga]|[2018-12-16 00:00:00]
6811|5081|7|[International]|[3, 1, 2, 5, 4, 7, 6]|[International - Women's World Cup]|[1214_69258, 1214_69202, 1214_68345, 1214_22974, 1214_69321, 1214_22943, 1214_69161]|[Final, Regular Season, Semi-finals, Round of 16]|[available]|[United States of America]|[United States of America]|[United States Women's]|[69161, 22974, 68345, 69321, 22943, 69202, 69258]|[2019]|[female]|[2019]|[1214]|[Women's World Cup]|[2019-06-11 00:00:00, 2019-06-24 00:00:00, 2019-07-07 00:00:00, 2019-06-20 00:00:00, 2019-06-16 00:00:00, 2019-06-28 00:00:00, 2019-07-02 00:00:00]
6836|6375|1|[Spain]|[22]|[Spain - La Liga]|[422_69187]|[Regular Season]|[available]|[Spain]|[Spain]|[Osasuna]|[69187]|[2007/2008]|[male]|[2007/2008]|[422]|[La Liga]|[2008-02-03 00:00:00]
6862|6357|1|[Spain]|[36]|[Spain - La Liga]|[222_266952]|[Regular Season]|[available]|[Congo, (Kinshasa)]|[Mexico]|[Villarreal]|[266952]|[2016/2017]|[male]|[2016/2017]|[222]|[La Liga]|[2017-05-06 00:00:00]
6867|6700|2|[Spain]|[38, 19]|[Spain - La Liga]|[322_16131, 322_16317]|[Regular Season]|[available]|[Senegal]|[Spain]|[Eibar]|[16131, 16317]|[2018/2019]|[male]|[2018/2019]|[322]|[La Liga]|[2019-05-19 00:00:00, 2019-01-13 00:00:00]
6891|6585|2|[Spain]|[8, 32]|[Spain - La Liga]|[207_9880, 207_16023]|[Regular Season]|[available]|[Argentina]|[Colombia]|[Valencia]|[9880, 16023]|[2018/2019, 2017/2018]|[male]|[2018/2019, 2017/2018]|[207]|[La Liga]|[2018-04-14 00:00:00, 2018-10-07 00:00:00]
6898|4406|1|[Spain]|[14]|[Spain - La Liga]|[207_267274]|[Regular Season]|[available]|[Spain]|[Tunisia]|[Valencia]|[267274]|[2015/2016]|[male]|[2015/2016]|[207]|[La Liga]|[2015-12-05 00:00:00]
6906|6694|4|[Spain]|[38, 32, 4, 33]|[Spain - La Liga]|[210_267373, 210_9948, 210_15978, 210_16265]|[Regular Season]|[available]|[Spain]|[Argentina]|[Real Sociedad]|[16265, 267373, 9948, 15978]|[2018/2019, 2016/2017, 2017/2018]|[male]|[2018/2019, 2016/2017, 2017/2018]|[210]|[La Liga]|[2018-09-15 00:00:00, 2018-05-20 00:00:00, 2019-04-20 00:00:00, 2017-04-15 00:00:00]
6914|6751|1|[Spain]|[9]|[Spain - La Liga]|[360_70276]|[Regular Season]|[available]|[Spain]|[Spain]|[Rayo Vallecano]|[70276]|[2012/2013]|[male]|[2012/2013]|[360]|[La Liga]|[2012-10-27 00:00:00]
6918|4498|2|[Spain]|[25, 6]|[Spain - La Liga]|[1049_266117, 1049_267343]|[Regular Season]|[available]|[Nigeria]|[Martinique]|[Granada]|[266117, 267343]|[2014/2015]|[male]|[2014/2015]|[1049]|[La Liga]|[2015-02-28 00:00:00, 2014-09-27 00:00:00]
7158|6702|1|[Spain]|[19]|[Spain - La Liga]|[1049_266620]|[Regular Season]|[available]|[Italy]|[Spain]|[Granada]|[266620]|[2015/2016]|[male]|[2015/2016]|[1049]|[La Liga]|[2016-01-09 00:00:00]
7161|6646|2|[Spain]|[20, 1]|[Spain - La Liga]|[218_266516, 218_267670]|[Regular Season]|[available]|[Argentina]|[Denmark]|[Real Betis]|[266516, 267670]|[2016/2017]|[male]|[2016/2017]|[218]|[La Liga]|[2016-08-20 00:00:00, 2017-01-29 00:00:00]
7181|4980|1|[United States of America]|[15]|[United States of America - NWSL]|[763_7490]|[Regular Season]|[available]|[United States of America]|[Brazil]|[Sky Blue FC]|[7490]|[2018]|[female]|[2018]|[763]|[NWSL]|[2018-07-22 00:00:00]
7692|4265|1|[Spain]|[7]|[Spain - La Liga]|[208_9636]|[Regular Season]|[available]|[Uruguay]|[Morocco]|[Las Palmas]|[9636]|[2017/2018]|[male]|[2017/2018]|[208]|[La Liga]|[2017-10-01 00:00:00]
7797|4406|1|[Spain]|[14]|[Spain - La Liga]|[207_267274]|[Regular Season]|[available]|[Argentina]|[Tunisia]|[Valencia]|[267274]|[2015/2016]|[male]|[2015/2016]|[207]|[La Liga]|[2015-12-05 00:00:00]
8240|3296|1|[International]|[1]|[International - FIFA World Cup]|[782_7536]|[Group Stage]|[available]|[Belgium]|[Belgium]|[Belgium]|[7536]|[2018]|[male]|[2018]|[782]|[FIFA World Cup]|[2018-06-18 00:00:00]
8440|7906|2|[Spain]|[7, 6]|[Spain - La Liga]|[208_267611, 208_9636]|[Regular Season]|[available]|[Spain]|[Spain]|[Las Palmas]|[9636, 267611]|[2015/2016, 2017/2018]|[male]|[2015/2016, 2017/2018]|[208]|[La Liga]|[2017-10-01 00:00:00, 2015-09-26 00:00:00]
8522|6677|1|[Spain]|[13]|[Spain - La Liga]|[210_266885]|[Regular Season]|[available]|[Portugal]|[Spain]|[Real Sociedad]|[266885]|[2015/2016]|[male]|[2015/2016]|[210]|[La Liga]|[2015-11-28 00:00:00]
8642|6834|2|[Spain]|[12, 31]|[Spain - La Liga]|[205_9870, 205_9682]|[Regular Season]|[available]|[Argentina]|[Spain]|[Leganés]|[9870, 9682]|[2017/2018]|[male]|[2017/2018]|[205]|[La Liga]|[2017-11-18 00:00:00, 2018-04-07 00:00:00]
8724|3023|2|[Spain]|[17, 13]|[Spain - La Liga]|[210_266240, 210_266191]|[Regular Season]|[available]|[Spain]|[Spain]|[Real Sociedad]|[266240, 266191]|[2016/2017, 2014/2015]|[male]|[2016/2017, 2014/2015]|[210]|[La Liga]|[2015-01-04 00:00:00, 2016-11-27 00:00:00]
9399|5570|1|[Europe]|[7]|[Europe - Champions League]|[169_18240]|[Final]|[available]|[Spain]|[Germany]|[Bayern Munich]|[18240]|[2012/2013]|[male]|[2012/2013]|[169]|[Champions League]|[2013-05-25 00:00:00]
9475|4430|1|[Europe]|[7]|[Europe - Champions League]|[180_18240]|[Final]|[available]|[Germany]|[Serbia]|[Borussia Dortmund]|[18240]|[2012/2013]|[male]|[2012/2013]|[180]|[Champions League]|[2013-05-25 00:00:00]
10182|10169|2|[International]|[3, 1]|[International - Women's World Cup]|[866_68338, 866_22936]|[Regular Season]|[available]|[Scotland]|[Scotland]|[Scotland Women's]|[22936, 68338]|[2019]|[female]|[2019]|[866]|[Women's World Cup]|[2019-06-09 00:00:00, 2019-06-19 00:00:00]
10183|4648|4|[International]|[3, 5, 7, 6]|[International - Women's World Cup]|[865_69301, 865_69258, 865_69199, 865_68337]|[Regular Season, 3rd Place Final, Semi-finals]|[available]|[England]|[England]|[England Women's]|[69199, 69258, 69301, 68337]|[2019]|[female]|[2019]|[865]|[Women's World Cup]|[2019-06-27 00:00:00, 2019-07-06 00:00:00, 2019-07-02 00:00:00, 2019-06-19 00:00:00]
10392|10387|1|[International]|[1]|[International - Women's World Cup]|[852_22924]|[Regular Season]|[available]|[Norway]|[Norway]|[Norway Women's]|[22924]|[2019]|[female]|[2019]|[852]|[Women's World Cup]|[2019-06-08 00:00:00]
10666|10652|6|[International]|[3, 2, 5, 4, 7, 6]|[International - Women's World Cup]|[851_69284, 851_69321, 851_69188, 851_69205, 851_68344, 851_22964]|[Final, Regular Season, Semi-finals, Round of 16]|[available]|[Netherlands]|[Netherlands]|[Netherlands Women's]|[69284, 69205, 69321, 69188, 68344, 22964]|[2019]|[female]|[2019]|[851]|[Women's World Cup]|[2019-07-03 00:00:00, 2019-06-29 00:00:00, 2019-07-07 00:00:00, 2019-06-20 00:00:00, 2019-06-25 00:00:00, 2019-06-15 00:00:00]
11094|6379|26|[Spain]|[29, 1, 21, 26, 15, 2, 5, 30, 32, 14, 28, 24, 35, 22, 36, 25, 20, 17, 38, 27, 19]|[Spain - La Liga]|[217_266357, 217_266516, 217_266874, 217_267273, 217_267220, 217_266106, 217_9575, 217_266149, 217_266498, 217_267670, 217_266477, 217_266254, 217_266620, 217_266892, 217_265894, 217_267660, 217_266056, 217_266986, 217_267506, 217_266731, 217_265839, 217_266653, 217_267076, 217_265944, 217_267576, 217_266664]|[Regular Season]|[available]|[Turkey]|[Spain]|[Barcelona]|[267576, 266620, 266477, 266986, 267220, 267273, 266056, 266874, 9575, 266498, 267660, 266892, 266653, 266106, 266516, 265894, 267076, 266149, 265944, 266254, 266357, 265839, 267670, 267506, 266731, 266664]|[2015/2016, 2016/2017, 2017/2018]|[male]|[2015/2016, 2016/2017, 2017/2018]|[217]|[La Liga]|[2017-01-22 00:00:00, 2016-02-14 00:00:00, 2016-01-23 00:00:00, 2016-02-20 00:00:00, 2016-04-30 00:00:00, 2017-02-04 00:00:00, 2017-03-12 00:00:00, 2016-02-28 00:00:00, 2016-03-20 00:00:00, 2016-12-03 00:00:00, 2016-12-10 00:00:00, 2017-01-29 00:00:00, 2016-04-09 00:00:00, 2016-03-03 00:00:00, 2016-09-21 00:00:00, 2017-08-20 00:00:00, 2016-08-28 00:00:00, 2016-03-12 00:00:00, 2016-01-30 00:00:00, 2016-01-17 00:00:00, 2017-01-08 00:00:00, 2016-05-14 00:00:00, 2016-08-20 00:00:00, 2016-03-06 00:00:00, 2016-01-09 00:00:00, 2016-04-23 00:00:00]
11293|7699|2|[Spain]|[2, 24]|[Spain - La Liga]|[901_16182, 901_15956]|[Regular Season]|[available]|[Spain]|[Italy]|[Real Valladolid]|[15956, 16182]|[2018/2019]|[male]|[2018/2019]|[901]|[La Liga]|[2018-08-25 00:00:00, 2019-02-16 00:00:00]
11302|11300|1|[Spain]|[2]|[Spain - La Liga]|[901_15956]|[Regular Season]|[available]|[Spain]|[Spain]|[Real Valladolid]|[15956]|[2018/2019]|[male]|[2018/2019]|[901]|[La Liga]|[2018-08-25 00:00:00]
11539|6730|1|[Spain]|[5]|[Spain - La Liga]|[360_70302]|[Regular Season]|[available]|[Spain]|[Spain]|[Rayo Vallecano]|[70302]|[2013/2014]|[male]|[2013/2014]|[360]|[La Liga]|[2013-09-21 00:00:00]
13360|6616|1|[Spain]|[25]|[Spain - La Liga]|[213_16190]|[Regular Season]|[available]|[Netherlands]|[Spain]|[Sevilla]|[16190]|[2018/2019]|[male]|[2018/2019]|[213]|[La Liga]|[2019-02-23 00:00:00]
13435|5521|2|[International]|[3, 1]|[International - FIFA World Cup]|[784_7532, 784_7562]|[Group Stage]|[available]|[Peru]|[Peru]|[Peru]|[7562, 7532]|[2018]|[male]|[2018]|[784]|[FIFA World Cup]|[2018-06-16 00:00:00, 2018-06-26 00:00:00]
13599|5203|25|[Spain]|[23, 26, 15, 30, 37, 16, 24, 14, 28, 33, 35, 25, 13, 20, 17, 12, 31, 38, 27, 19, 34, 18]|[Spain - La Liga]|[217_9765, 217_16265, 217_16173, 217_16136, 217_16131, 217_16196, 217_16275, 217_16289, 217_266280, 217_16120, 217_16190, 217_16182, 217_16248, 217_16306, 217_16056, 217_16240, 217_16317, 217_16215, 217_16205, 217_16073, 217_16109, 217_16095, 217_267101, 217_16079, 217_16086]|[Regular Season]|[available]|[Spain]|[Spain]|[Barcelona]|[9765, 16190, 16073, 16173, 16182, 266280, 16079, 16317, 16120, 16306, 16215, 16109, 16248, 16265, 16056, 16095, 16086, 16289, 16275, 16131, 16240, 16136, 16196, 267101, 16205]|[2018/2019, 2016/2017, 2017/2018]|[male]|[2018/2019, 2016/2017, 2017/2018]|[217]|[La Liga]|[2017-04-26 00:00:00, 2019-01-20 00:00:00, 2019-05-19 00:00:00, 2019-04-02 00:00:00, 2018-12-02 00:00:00, 2018-12-08 00:00:00, 2019-03-02 00:00:00, 2018-11-11 00:00:00, 2019-02-10 00:00:00, 2019-04-06 00:00:00, 2019-03-17 00:00:00, 2018-11-24 00:00:00, 2019-04-23 00:00:00, 2019-04-27 00:00:00, 2019-03-09 00:00:00, 2018-12-22 00:00:00, 2019-01-06 00:00:00, 2019-02-16 00:00:00, 2019-02-23 00:00:00, 2019-01-13 00:00:00, 2018-01-21 00:00:00, 2017-04-05 00:00:00, 2018-12-16 00:00:00, 2019-04-20 00:00:00, 2019-05-12 00:00:00]
15576|15575|27|[England]|[3, 1, 2, 5, 8, 16, 11, 14, 4, 9, 7, 10, 13, 17, 12, 19, 6, 18]|[England - FA Women's Super League]|[967_19803, 967_19718, 967_2275127, 967_19726, 967_19798, 967_19746, 967_19767, 967_19723, 967_19808, 967_19759, 967_2275036, 967_2275117, 967_19729, 967_2275073, 967_19773, 967_2275056, 967_2275041, 967_19774, 967_19734, 967_19783, 967_2275126, 967_2275051, 967_19750, 967_2275146, 967_19784, 967_2275131, 967_2275120]|[Regular Season]|[available]|[England]|[England]|[Everton LFC]|[19750, 2275126, 19803, 2275146, 19726, 2275073, 2275117, 2275051, 19723, 19798, 19783, 19784, 19808, 19773, 2275127, 19759, 19767, 19774, 19746, 19729, 2275120, 2275036, 2275041, 2275056, 19718, 19734, 2275131]|[2019/2020, 2018/2019]|[female]|[2019/2020, 2018/2019]|[967]|[FA Women's Super League]|[2019-12-15 00:00:00, 2018-09-20 00:00:00, 2018-10-14 00:00:00, 2019-03-13 00:00:00, 2018-11-04 00:00:00, 2018-12-02 00:00:00, 2019-03-24 00:00:00, 2018-11-25 00:00:00, 2019-11-24 00:00:00, 2019-09-29 00:00:00, 2020-02-12 00:00:00, 2019-09-08 00:00:00, 2018-11-18 00:00:00, 2019-09-15 00:00:00, 2019-10-27 00:00:00, 2019-12-08 00:00:00, 2018-09-09 00:00:00, 2020-01-19 00:00:00, 2019-01-06 00:00:00, 2018-12-09 00:00:00, 2019-03-31 00:00:00, 2019-10-13 00:00:00, 2019-01-13 00:00:00, 2018-10-28 00:00:00, 2019-11-17 00:00:00, 2018-09-23 00:00:00, 2019-02-20 00:00:00]
15577|15559|16|[England]|[3, 21, 1, 5, 11, 16, 14, 4, 9, 10, 17, 13, 20, 12, 19, 18]|[England - FA Women's Super League]|[967_19803, 967_19756, 967_19718, 967_19726, 967_19798, 967_19811, 967_19767, 967_19808, 967_19759, 967_19729, 967_19773, 967_19734, 967_19774, 967_19817, 967_19783, 967_19784]|[Regular Season]|[available]|[Wales]|[Northern Ireland]|[Everton LFC]|[19803, 19726, 19798, 19756, 19783, 19784, 19808, 19773, 19811, 19767, 19759, 19774, 19817, 19729, 19718, 19734]|[2018/2019]|[female]|[2018/2019]|[967]|[FA Women's Super League]|[2019-03-13 00:00:00, 2018-10-14 00:00:00, 2018-12-02 00:00:00, 2019-03-24 00:00:00, 2019-04-28 00:00:00, 2018-11-25 00:00:00, 2019-04-21 00:00:00, 2018-11-18 00:00:00, 2019-04-17 00:00:00, 2018-09-09 00:00:00, 2019-01-06 00:00:00, 2018-12-09 00:00:00, 2019-03-31 00:00:00, 2019-01-13 00:00:00, 2018-09-23 00:00:00, 2019-02-20 00:00:00]
15579|13857|14|[England]|[3, 1, 2, 5, 16, 14, 4, 9, 7, 10, 13, 17, 12, 6]|[England - FA Women's Super League]|[967_2275027, 967_2275127, 967_2275036, 967_2275117, 967_2275078, 967_2275144, 967_2275073, 967_2275056, 967_2275041, 967_2275126, 967_2275051, 967_2275146, 967_2275131, 967_2275120]|[Regular Season]|[available]|[Netherlands]|[Finland]|[Everton LFC]|[2275126, 2275146, 2275073, 2275117, 2275051, 2275127, 2275144, 2275078, 2275027, 2275120, 2275036, 2275041, 2275056, 2275131]|[2019/2020]|[female]|[2019/2020]|[967]|[FA Women's Super League]|[2019-12-15 00:00:00, 2019-09-29 00:00:00, 2019-11-24 00:00:00, 2020-02-23 00:00:00, 2019-09-08 00:00:00, 2020-02-12 00:00:00, 2019-09-15 00:00:00, 2020-01-11 00:00:00, 2019-10-27 00:00:00, 2019-12-08 00:00:00, 2020-01-19 00:00:00, 2019-10-13 00:00:00, 2019-11-17 00:00:00, 2020-02-02 00:00:00]
15579|15574|22|[England]|[3, 1, 2, 5, 8, 11, 14, 4, 9, 10, 7, 13, 17, 12, 19, 6]|[England - FA Women's Super League]|[967_19718, 967_2275127, 967_19726, 967_19798, 967_19746, 967_19767, 967_19723, 967_19808, 967_19759, 967_2275117, 967_19729, 967_19773, 967_2275056, 967_2275041, 967_19774, 967_19734, 967_19783, 967_2275146, 967_19784, 967_19750, 967_2275131, 967_2275120]|[Regular Season]|[available]|[Netherlands]|[England]|[Everton LFC]|[19750, 2275146, 19726, 19798, 2275117, 19723, 19783, 19784, 19808, 19773, 2275127, 19767, 19759, 19774, 19746, 19729, 2275120, 2275041, 2275056, 19718, 19734, 2275131]|[2019/2020, 2018/2019]|[female]|[2019/2020, 2018/2019]|[967]|[FA Women's Super League]|[2019-12-15 00:00:00, 2018-09-20 00:00:00, 2018-10-14 00:00:00, 2018-11-04 00:00:00, 2018-12-02 00:00:00, 2019-03-24 00:00:00, 2018-11-25 00:00:00, 2019-09-29 00:00:00, 2019-09-08 00:00:00, 2018-11-18 00:00:00, 2019-09-15 00:00:00, 2019-12-08 00:00:00, 2018-09-09 00:00:00, 2019-01-06 00:00:00, 2018-12-09 00:00:00, 2019-03-31 00:00:00, 2019-10-13 00:00:00, 2019-01-13 00:00:00, 2018-10-28 00:00:00, 2019-11-17 00:00:00, 2018-09-23 00:00:00, 2019-02-20 00:00:00]
15648|15178|5|[International]|[3, 1, 2, 5, 4]|[International - Women's World Cup]|[857_22926, 857_69208, 857_22984, 857_68355, 857_22949]|[Regular Season]|[available]|[Germany]|[Germany]|[Germany Women's]|[22926, 22984, 69208, 22949, 68355]|[2019]|[female]|[2019]|[857]|[Women's World Cup]|[2019-06-12 00:00:00, 2019-06-29 00:00:00, 2019-06-08 00:00:00, 2019-06-17 00:00:00, 2019-06-22 00:00:00]
15720|10182|2|[International]|[3, 1]|[International - Women's World Cup]|[866_68338, 866_22936]|[Regular Season]|[available]|[Scotland]|[Scotland]|[Scotland Women's]|[22936, 68338]|[2019]|[female]|[2019]|[866]|[Women's World Cup]|[2019-06-09 00:00:00, 2019-06-19 00:00:00]
15721|15564|12|[England]|[13, 17, 12, 1, 2, 8, 16, 11, 9, 7, 10, 6]|[England - FA Women's Super League]|[749_2275085, 749_2275137, 749_2275073, 749_2275091, 749_2275082, 749_2275109, 749_2275126, 749_2275030, 749_2275077, 749_2275034, 749_2275132, 749_2275075]|[Regular Season]|[available]|[England]|[England]|[Tottenham Hotspur Women]|[2275137, 2275126, 2275082, 2275030, 2275085, 2275073, 2275034, 2275077, 2275091, 2275075, 2275109, 2275132]|[2019/2020]|[female]|[2019/2020]|[749]|[FA Women's Super League]|[2019-12-04 00:00:00, 2019-12-15 00:00:00, 2020-01-05 00:00:00, 2019-12-08 00:00:00, 2020-01-12 00:00:00, 2020-01-19 00:00:00, 2019-11-24 00:00:00, 2020-02-23 00:00:00, 2020-02-12 00:00:00, 2019-09-08 00:00:00, 2019-11-17 00:00:00, 2019-09-15 00:00:00]
16001|6733|1|[Spain]|[1]|[Spain - La Liga]|[1042_266921]|[Regular Season]|[available]|[Cape Verde]|[Spain]|[Elche]|[266921]|[2014/2015]|[male]|[2014/2015]|[1042]|[La Liga]|[2014-08-24 00:00:00]
16309|6792|2|[Spain]|[12, 28]|[Spain - La Liga]|[218_16056, 218_16215]|[Regular Season]|[available]|[Spain]|[Spain]|[Real Betis]|[16215, 16056]|[2018/2019]|[male]|[2018/2019]|[218]|[La Liga]|[2018-11-11 00:00:00, 2019-03-17 00:00:00]
16383|10645|4|[International]|[5, 4, 7, 6]|[International - Women's World Cup]|[851_69284, 851_69321, 851_69188, 851_69205]|[Final, Regular Season, Semi-finals, Round of 16]|[available]|[Netherlands]|[Netherlands]|[Netherlands Women's]|[69284, 69205, 69321, 69188]|[2019]|[female]|[2019]|[851]|[Women's World Cup]|[2019-07-03 00:00:00, 2019-06-29 00:00:00, 2019-07-07 00:00:00, 2019-06-25 00:00:00]
16383|13745|4|[International]|[5, 4, 7, 6]|[International - Women's World Cup]|[851_69284, 851_69321, 851_69205, 851_69188]|[Final, Regular Season, Semi-finals, Round of 16]|[available]|[Netherlands]|[Netherlands]|[Netherlands Women's]|[69284, 69205, 69321, 69188]|[2019]|[female]|[2019]|[851]|[Women's World Cup]|[2019-07-03 00:00:00, 2019-06-29 00:00:00, 2019-07-07 00:00:00, 2019-06-25 00:00:00]
16400|16392|30|[England]|[3, 1, 21, 15, 2, 5, 8, 16, 11, 14, 4, 22, 9, 7, 10, 20, 17, 13, 12, 6, 18]|[England - FA Women's Super League]|[965_19784, 965_19815, 965_19790, 965_19715, 965_2275151, 965_2275102, 965_19745, 965_19757, 965_2275051, 965_2275054, 965_2275091, 965_2275113, 965_19730, 965_19780, 965_19802, 965_19819, 965_2275121, 965_19739, 965_19796, 965_2275140, 965_19725, 965_19809, 965_2275065, 965_2275040, 965_2275027, 965_2275097, 965_2275098, 965_19776, 965_2275061, 965_2275052]|[Regular Season]|[available]|[Wales]|[England]|[Brighton & Hove Albion WFC]|[19802, 19757, 2275054, 19739, 19815, 2275040, 19730, 19725, 19776, 2275027, 2275140, 2275102, 2275151, 2275121, 2275061, 19745, 19819, 2275051, 19790, 2275065, 19784, 2275091, 2275052, 2275113, 2275098, 19796, 2275097, 19715, 19809, 19780]|[2019/2020, 2018/2019]|[female]|[2019/2020, 2018/2019]|[965]|[FA Women's Super League]|[2019-12-15 00:00:00, 2018-10-21 00:00:00, 2018-09-30 00:00:00, 2019-04-28 00:00:00, 2019-10-27 00:00:00, 2019-05-11 00:00:00, 2019-12-08 00:00:00, 2018-09-09 00:00:00, 2020-01-12 00:00:00, 2019-01-06 00:00:00, 2019-01-13 00:00:00, 2018-09-23 00:00:00, 2019-04-20 00:00:00, 2019-02-20 00:00:00, 2019-03-13 00:00:00, 2019-09-29 00:00:00, 2019-11-24 00:00:00, 2020-02-12 00:00:00, 2019-02-10 00:00:00, 2019-09-15 00:00:00, 2020-01-05 00:00:00, 2020-01-19 00:00:00, 2018-12-09 00:00:00, 2019-10-13 00:00:00, 2019-09-07 00:00:00, 2018-10-28 00:00:00, 2020-02-02 00:00:00, 2019-11-17 00:00:00, 2019-01-27 00:00:00, 2019-11-29 00:00:00]
16622|6633|6|[Spain]|[25, 20, 1, 22, 34, 36]|[Spain - La Liga]|[210_266045, 210_265837, 210_70287, 210_69316, 210_70259, 210_69246]|[Regular Season]|[available]|[Spain]|[Spain]|[Real Sociedad]|[69246, 70259, 265837, 266045, 69316, 70287]|[2010/2011, 2011/2012, 2012/2013, 2013/2014, 2014/2015]|[male]|[2010/2011, 2011/2012, 2012/2013, 2013/2014, 2014/2015]|[210]|[La Liga]|[2015-05-09 00:00:00, 2011-04-30 00:00:00, 2012-08-19 00:00:00, 2014-02-22 00:00:00, 2013-01-19 00:00:00, 2012-02-04 00:00:00]
16622|6694|3|[Spain]|[13, 32, 36]|[Spain - La Liga]|[210_266885, 210_266045, 210_266664]|[Regular Season]|[available]|[Spain]|[Argentina]|[Real Sociedad]|[266045, 266664, 266885]|[2015/2016, 2014/2015]|[male]|[2015/2016, 2014/2015]|[210]|[La Liga]|[2015-05-09 00:00:00, 2015-11-28 00:00:00, 2016-04-09 00:00:00]
17054|6780|1|[Spain]|[34]|[Spain - La Liga]|[216_265963]|[Regular Season]|[available]|[Uruguay]|[Spain]|[Getafe]|[265963]|[2014/2015]|[male]|[2014/2015]|[216]|[La Liga]|[2015-04-28 00:00:00]
17083|6751|1|[Spain]|[3]|[Spain - La Liga]|[207_70298]|[Regular Season]|[available]|[Brazil]|[Spain]|[Valencia]|[70298]|[2013/2014]|[male]|[2013/2014]|[207]|[La Liga]|[2013-09-01 00:00:00]
18149|10198|25|[England]|[3, 1, 15, 2, 8, 11, 16, 14, 4, 9, 10, 7, 13, 17, 12, 19, 6, 18]|[England - FA Women's Super League]|[974_19775, 974_19801, 974_19719, 974_19762, 974_19806, 974_2275038, 974_2275036, 974_2275075, 974_19741, 974_2275102, 974_19747, 974_19782, 974_19727, 974_2275153, 974_2275049, 974_19732, 974_2275086, 974_19795, 974_19716, 974_19791, 974_19772, 974_19753, 974_2275072, 974_19767, 974_2275050]|[Regular Season]|[available]|[England]|[England]|[Reading WFC]|[19747, 19801, 19806, 2275153, 2275072, 19772, 19775, 2275038, 19791, 2275050, 19795, 19753, 2275086, 19727, 19719, 19767, 19716, 19762, 19732, 2275036, 19741, 2275049, 2275075, 19782, 2275102]|[2019/2020, 2018/2019]|[female]|[2019/2020, 2018/2019]|[974]|[FA Women's Super League]|[2019-12-15 00:00:00, 2019-03-13 00:00:00, 2018-10-21 00:00:00, 2018-09-30 00:00:00, 2018-12-02 00:00:00, 2018-11-04 00:00:00, 2018-11-25 00:00:00, 2019-11-24 00:00:00, 2018-10-26 00:00:00, 2020-02-12 00:00:00, 2018-11-18 00:00:00, 2020-01-05 00:00:00, 2018-09-19 00:00:00, 2019-12-08 00:00:00, 2018-09-09 00:00:00, 2020-01-12 00:00:00, 2019-01-06 00:00:00, 2020-01-19 00:00:00, 2018-12-09 00:00:00, 2019-03-31 00:00:00, 2020-02-02 00:00:00, 2018-09-23 00:00:00, 2019-01-27 00:00:00, 2019-11-29 00:00:00, 2019-02-20 00:00:00]
18414|5562|3|[Europe]|[1, 7]|[Europe - Champions League]|[169_18237, 169_18240, 169_18235]|[Final]|[available]|[Germany]|[Germany]|[Bayern Munich]|[18240, 18235, 18237]|[2011/2012, 2012/2013, 2009/2010]|[male]|[2011/2012, 2012/2013, 2009/2010]|[169]|[Champions League]|[2010-05-22 00:00:00, 2013-05-25 00:00:00, 2012-05-19 00:00:00]
18724|5718|2|[Spain]|[13, 32]|[Spain - La Liga]|[207_266525, 207_266560]|[Regular Season]|[available]|[Algeria]|[Spain]|[Valencia]|[266525, 266560]|[2014/2015]|[male]|[2014/2015]|[207]|[La Liga]|[2015-04-18 00:00:00, 2014-11-30 00:00:00]
19288|5565|1|[Europe]|[1]|[Europe - Champions League]|[169_18235]|[Final]|[available]|[Argentina]|[Germany]|[Bayern Munich]|[18235]|[2009/2010]|[male]|[2009/2010]|[169]|[Champions League]|[2010-05-22 00:00:00]
19288|12296|1|[Europe]|[1]|[Europe - Champions League]|[169_18235]|[Final]|[available]|[Argentina]|[Germany]|[Bayern Munich]|[18235]|[2009/2010]|[male]|[2009/2010]|[169]|[Champions League]|[2010-05-22 00:00:00]
19294|4409|1|[Europe]|[1]|[Europe - Champions League]|[238_18235]|[Final]|[available]|[Argentina]|[Netherlands]|[Inter Milan]|[18235]|[2009/2010]|[male]|[2009/2010]|[238]|[Champions League]|[2010-05-22 00:00:00]
19296|5216|9|[Spain]|[25, 20, 21, 11, 22, 19, 10, 6, 18]|[Spain - La Liga]|[217_68350, 217_68339, 217_68325, 217_68342, 217_68324, 217_68317, 217_68348, 217_68351, 217_69164]|[Regular Season]|[available]|[Netherlands]|[Spain]|[Barcelona]|[68325, 68324, 68350, 68351, 68339, 68348, 69164, 68317, 68342]|[2005/2006]|[male]|[2005/2006]|[217]|[La Liga]|[2005-10-01 00:00:00, 2006-02-25 00:00:00, 2005-11-06 00:00:00, 2005-10-26 00:00:00, 2006-02-05 00:00:00, 2006-01-15 00:00:00, 2006-01-29 00:00:00, 2006-01-07 00:00:00, 2006-01-22 00:00:00]
19312|6768|2|[Spain]|[16, 35]|[Spain - La Liga]|[222_69228, 222_69217]|[Regular Season]|[available]|[France]|[Spain]|[Villarreal]|[69217, 69228]|[2008/2009]|[male]|[2008/2009]|[222]|[La Liga]|[2009-05-10 00:00:00, 2008-12-21 00:00:00]
19454|6847|1|[Spain]|[38]|[Spain - La Liga]|[1049_267506]|[Regular Season]|[available]|[Portugal]|[Venezuela (Bolivarian Republic)]|[Granada]|[267506]|[2015/2016]|[male]|[2015/2016]|[1049]|[La Liga]|[2016-05-14 00:00:00]
19760|19757|1|[Europe]|[1]|[Europe - Champions League]|[256_3752619]|[Final]|[available]|[Portugal]|[Portugal]|[FC Porto]|[3752619]|[2003/2004]|[male]|[2003/2004]|[256]|[Champions League]|[2004-05-26 00:00:00]
19778|15614|16|[England]|[3, 1, 21, 2, 5, 8, 11, 4, 9, 10, 6, 7]|[England - FA Women's Super League]|[966_2275034, 966_19732, 966_2275103, 966_19816, 966_19748, 966_2275110, 966_19740, 966_2275116, 966_2275054, 966_2275079, 966_2275099, 966_19737, 966_2275138, 966_2275045, 966_2275070, 966_2275056]|[Regular Season]|[available]|[England]|[England]|[Liverpool WFC]|[2275116, 19737, 2275103, 2275138, 19748, 2275054, 2275045, 2275099, 2275070, 2275110, 2275079, 19740, 19732, 2275034, 2275056, 19816]|[2019/2020, 2018/2019]|[female]|[2019/2020, 2018/2019]|[966]|[FA Women's Super League]|[2019-12-15 00:00:00, 2019-09-28 00:00:00, 2018-10-14 00:00:00, 2018-09-30 00:00:00, 2019-12-01 00:00:00, 2018-10-21 00:00:00, 2019-04-28 00:00:00, 2019-11-24 00:00:00, 2019-09-08 00:00:00, 2019-09-15 00:00:00, 2019-10-27 00:00:00, 2020-01-05 00:00:00, 2019-12-08 00:00:00, 2019-10-13 00:00:00, 2018-10-28 00:00:00, 2019-11-17 00:00:00]
19778|15631|15|[England]|[3, 1, 21, 2, 5, 8, 11, 4, 9, 10, 6, 7]|[England - FA Women's Super League]|[966_2275034, 966_19732, 966_2275103, 966_19816, 966_2275110, 966_19740, 966_2275116, 966_2275054, 966_2275079, 966_2275099, 966_19737, 966_2275138, 966_2275045, 966_2275070, 966_2275056]|[Regular Season]|[available]|[England]|[England]|[Liverpool WFC]|[2275116, 19737, 2275103, 2275138, 2275054, 2275045, 2275099, 2275070, 2275110, 2275079, 19740, 19732, 2275034, 2275056, 19816]|[2019/2020, 2018/2019]|[female]|[2019/2020, 2018/2019]|[966]|[FA Women's Super League]|[2019-09-28 00:00:00, 2019-12-15 00:00:00, 2018-10-14 00:00:00, 2018-09-30 00:00:00, 2018-10-21 00:00:00, 2019-12-01 00:00:00, 2019-04-28 00:00:00, 2019-11-24 00:00:00, 2019-09-08 00:00:00, 2019-09-15 00:00:00, 2019-10-27 00:00:00, 2020-01-05 00:00:00, 2019-12-08 00:00:00, 2019-10-13 00:00:00, 2019-11-17 00:00:00]
20034|19419|13|[England]|[20, 13, 12, 21, 15, 5, 11, 14, 4, 22, 9, 7, 6]|[England - FA Women's Super League]|[965_19734, 965_19784, 965_19769, 965_19815, 965_19790, 965_19819, 965_19762, 965_19739, 965_19776, 965_19745, 965_19809, 965_19730, 965_19780]|[Regular Season]|[available]|[England]|[Ireland]|[Brighton & Hove Albion WFC]|[19776, 19745, 19762, 19819, 19790, 19769, 19739, 19815, 19784, 19730, 19809, 19780, 19734]|[2018/2019]|[female]|[2018/2019]|[965]|[FA Women's Super League]|[2018-10-14 00:00:00, 2019-05-11 00:00:00, 2018-09-30 00:00:00, 2018-10-21 00:00:00, 2018-12-02 00:00:00, 2019-04-28 00:00:00, 2019-01-06 00:00:00, 2018-12-09 00:00:00, 2019-01-13 00:00:00, 2018-11-18 00:00:00, 2018-10-28 00:00:00, 2019-01-27 00:00:00, 2019-04-20 00:00:00]
20062|5563|2|[Spain]|[20, 1]|[Spain - La Liga]|[218_9765, 218_9575]|[Regular Season]|[available]|[Colombia]|[Mexico]|[Real Betis]|[9575, 9765]|[2017/2018]|[male]|[2017/2018]|[218]|[La Liga]|[2017-08-20 00:00:00, 2018-01-21 00:00:00]
20131|5248|11|[Spain, Europe]|[25, 3, 23, 21, 1, 30, 16, 22, 28, 4, 10]|[Europe - Champions League, Spain - La Liga]|[217_69222, 217_69142, 217_69195, 217_69185, 217_69207, 217_69279, 217_69228, 217_69138, 217_69231, 217_3750201, 217_69209]|[Final, Regular Season]|[available]|[Spain]|[Uruguay]|[Barcelona]|[69209, 69138, 69279, 69231, 69207, 69185, 69142, 3750201, 69228, 69195, 69222]|[2008/2009]|[male]|[2008/2009]|[217]|[La Liga, Champions League]|[2009-03-01 00:00:00, 2009-04-11 00:00:00, 2009-02-08 00:00:00, 2009-02-14 00:00:00, 2008-11-08 00:00:00, 2009-02-01 00:00:00, 2009-03-22 00:00:00, 2008-09-24 00:00:00, 2008-12-21 00:00:00, 2009-05-27 00:00:00, 2008-09-21 00:00:00]
20133|19677|8|[Spain]|[29, 13, 12, 31, 32, 16, 35, 7]|[Spain - La Liga]|[220_70300, 220_265857, 220_69324, 220_69299, 220_69334, 220_69262, 220_69259, 220_69245]|[Regular Season]|[available]|[Spain]|[France]|[Real Madrid]|[69259, 69299, 69245, 69324, 70300, 69334, 69262, 265857]|[2010/2011, 2011/2012, 2012/2013, 2013/2014, 2009/2010]|[male]|[2010/2011, 2011/2012, 2012/2013, 2013/2014, 2009/2010]|[220]|[La Liga]|[2011-12-10 00:00:00, 2014-03-23 00:00:00, 2010-11-29 00:00:00, 2010-04-10 00:00:00, 2011-04-16 00:00:00, 2009-11-29 00:00:00, 2012-04-21 00:00:00, 2012-10-07 00:00:00]
20281|20254|2|[England]|[26, 9]|[England - Premier League]|[33_3749079, 33_3749276]|[Regular Season]|[available]|[Netherlands]|[France]|[Chelsea]|[3749079, 3749276]|[2003/2004]|[male]|[2003/2004]|[33]|[Premier League]|[2004-02-21 00:00:00, 2003-10-18 00:00:00]
20290|19762|1|[Europe]|[7]|[Europe - Champions League]|[33_18237]|[Final]|[available]|[French Guiana]|[Portugal]|[Chelsea]|[18237]|[2011/2012]|[male]|[2011/2012]|[33]|[Champions League]|[2012-05-19 00:00:00]
20330|4724|1|[England]|[9]|[England - Premier League]|[33_3749079]|[Regular Season]|[available]|[England]|[England]|[Chelsea]|[3749079]|[2003/2004]|[male]|[2003/2004]|[33]|[Premier League]|[2003-10-18 00:00:00]
20352|5475|1|[Europe]|[7]|[Europe - Champions League]|[33_18237]|[Final]|[available]|[Côte d'Ivoire]|[Nigeria]|[Chelsea]|[18237]|[2011/2012]|[male]|[2011/2012]|[33]|[Champions League]|[2012-05-19 00:00:00]
21147|6678|1|[Spain]|[16]|[Spain - La Liga]|[221_16095]|[Regular Season]|[available]|[Spain]|[Ghana]|[Levante]|[16095]|[2018/2019]|[male]|[2018/2019]|[221]|[La Liga]|[2018-12-16 00:00:00]
22798|18153|14|[England]|[3, 1, 15, 2, 5, 8, 14, 4, 22, 17, 13, 20, 19, 18]|[England - FA Women's Super League]|[972_2275113, 972_19786, 972_19793, 972_2275040, 972_2275094, 972_2275096, 972_2275048, 972_19803, 972_19813, 972_2275150, 972_19819, 972_19795, 972_19805, 972_2275084]|[Regular Season]|[available]|[Korea (South)]|[Switzerland]|[West Ham United LFC]|[19786, 2275094, 19803, 2275096, 19813, 19819, 19795, 2275040, 2275084, 19793, 2275113, 2275048, 2275150, 19805]|[2019/2020, 2018/2019]|[female]|[2019/2020, 2018/2019]|[972]|[FA Women's Super League]|[2019-03-13 00:00:00, 2019-12-01 00:00:00, 2019-04-21 00:00:00, 2019-09-29 00:00:00, 2019-09-08 00:00:00, 2019-09-15 00:00:00, 2019-10-27 00:00:00, 2019-05-11 00:00:00, 2020-01-19 00:00:00, 2019-03-31 00:00:00, 2019-01-28 00:00:00, 2019-10-13 00:00:00, 2019-01-13 00:00:00, 2019-02-20 00:00:00]
23382|6659|1|[Spain]|[4]|[Spain - La Liga]|[221_266770]|[Regular Season]|[available]|[Mali]|[Spain]|[Levante]|[266770]|[2014/2015]|[male]|[2014/2015]|[221]|[La Liga]|[2014-09-21 00:00:00]
23796|6633|1|[Spain]|[6]|[Spain - La Liga]|[210_267520]|[Regular Season]|[available]|[Spain]|[Spain]|[Real Sociedad]|[267520]|[2013/2014]|[male]|[2013/2014]|[210]|[La Liga]|[2013-09-24 00:00:00]
23991|11540|1|[Spain]|[7]|[Spain - La Liga]|[1041_69265]|[Regular Season]|[available]|[Spain]|[Argentina]|[Sporting Gijón]|[69265]|[2011/2012]|[male]|[2011/2012]|[1041]|[La Liga]|[2011-10-02 00:00:00]
24139|6731|1|[Spain]|[35]|[Spain - La Liga]|[373_265866]|[Regular Season]|[available]|[Spain]|[Romania]|[Córdoba]|[265866]|[2014/2015]|[male]|[2014/2015]|[373]|[La Liga]|[2015-05-02 00:00:00]
24145|24127|2|[Spain]|[26, 7]|[Spain - La Liga]|[403_266066, 403_266420]|[Regular Season]|[available]|[Spain]|[Nigeria]|[Almería]|[266420, 266066]|[2013/2014]|[male]|[2013/2014]|[403]|[La Liga]|[2013-09-28 00:00:00, 2014-03-02 00:00:00]
25022|5581|1|[Spain]|[34]|[Spain - La Liga]|[218_70281]|[Regular Season]|[available]|[Spain]|[Costa Rica]|[Real Betis]|[70281]|[2012/2013]|[male]|[2012/2013]|[218]|[La Liga]|[2013-05-05 00:00:00]
25022|24143|1|[Spain]|[34]|[Spain - La Liga]|[218_70281]|[Regular Season]|[available]|[Spain]|[Spain]|[Real Betis]|[70281]|[2012/2013]|[male]|[2012/2013]|[218]|[La Liga]|[2013-05-05 00:00:00]
25426|20136|1|[Spain]|[32]|[Spain - La Liga]|[1220_68358]|[Regular Season]|[available]|[Argentina]|[Portugal]|[Recreativo Huelva]|[68358]|[2007/2008]|[male]|[2007/2008]|[1220]|[La Liga]|[2008-04-12 00:00:00]
25489|25485|4|[International]|[3, 1, 2, 4]|[International - Women's World Cup]|[1207_22983, 1207_69191, 1207_22926, 1207_22956]|[Regular Season, Round of 16]|[available]|[China]|[China]|[China PR Women's]|[22926, 22956, 69191, 22983]|[2019]|[female]|[2019]|[1207]|[Women's World Cup]|[2019-06-25 00:00:00, 2019-06-13 00:00:00, 2019-06-08 00:00:00, 2019-06-17 00:00:00]
25539|8382|1|[International]|[1]|[International - Women's World Cup]|[1205_22933]|[Regular Season]|[available]|[Australia]|[Australia]|[Australia Women's]|[22933]|[2019]|[female]|[2019]|[1205]|[Women's World Cup]|[2019-06-09 00:00:00]
25541|10206|4|[International]|[1, 2, 5, 4]|[International - Women's World Cup]|[855_22933, 855_69191, 855_69205, 855_22963]|[Regular Season, Round of 16]|[available]|[Italy]|[Italy]|[Italy Women's]|[69205, 22933, 69191, 22963]|[2019]|[female]|[2019]|[855]|[Women's World Cup]|[2019-06-29 00:00:00, 2019-06-09 00:00:00, 2019-06-25 00:00:00, 2019-06-14 00:00:00]
25546|25545|2|[International]|[3, 1]|[International - Women's World Cup]|[1212_68311, 1212_22934]|[Regular Season]|[available]|[Jamaica]|[Jamaica]|[Jamaica Women's]|[68311, 22934]|[2019]|[female]|[2019]|[1212]|[Women's World Cup]|[2019-06-09 00:00:00, 2019-06-18 00:00:00]
25631|25626|4|[International]|[3, 1, 2, 4]|[International - Women's World Cup]|[1208_68362, 1208_22964, 1208_22939, 1208_68346]|[Regular Season]|[available]|[Cameroon]|[Cameroon]|[Cameroon Women's]|[68346, 22939, 68362, 22964]|[2019]|[female]|[2019]|[1208]|[Women's World Cup]|[2019-06-23 00:00:00, 2019-06-10 00:00:00, 2019-06-20 00:00:00, 2019-06-15 00:00:00]
25661|21062|3|[International]|[3, 1, 2]|[International - Women's World Cup]|[1215_68346, 1215_22966, 1215_22942]|[Regular Season]|[available]|[New Zealand]|[New Zealand]|[New Zealand Women's]|[68346, 22966, 22942]|[2019]|[female]|[2019]|[1215]|[Women's World Cup]|[2019-06-11 00:00:00, 2019-06-20 00:00:00, 2019-06-15 00:00:00]
25664|25658|2|[International]|[3, 1]|[International - Women's World Cup]|[1215_68346, 1215_22942]|[Regular Season]|[available]|[New Zealand]|[New Zealand]|[New Zealand Women's]|[68346, 22942]|[2019]|[female]|[2019]|[1215]|[Women's World Cup]|[2019-06-11 00:00:00, 2019-06-20 00:00:00]
25783|18145|1|[International]|[2]|[International - Women's World Cup]|[1215_22966]|[Regular Season]|[available]|[New Zealand]|[New Zealand]|[New Zealand Women's]|[22966]|[2019]|[female]|[2019]|[1215]|[Women's World Cup]|[2019-06-15 00:00:00]
25816|5001|6|[International]|[3, 2, 5, 4, 7, 6]|[International - Women's World Cup]|[1214_69258, 1214_69202, 1214_68345, 1214_22974, 1214_69321, 1214_69161]|[Final, Regular Season, Semi-finals, Round of 16]|[available]|[United States of America]|[United States of America]|[United States Women's]|[69161, 22974, 68345, 69321, 69202, 69258]|[2019]|[female]|[2019]|[1214]|[Women's World Cup]|[2019-06-24 00:00:00, 2019-06-20 00:00:00, 2019-07-07 00:00:00, 2019-06-16 00:00:00, 2019-06-28 00:00:00, 2019-07-02 00:00:00]
25843|25746|1|[International]|[3]|[International - Women's World Cup]|[1216_22984]|[Regular Season]|[available]|[South Africa]|[South Africa]|[South Africa Women's]|[22984]|[2019]|[female]|[2019]|[1216]|[Women's World Cup]|[2019-06-17 00:00:00]
25852|4945|1|[International]|[3]|[International - Women's World Cup]|[1212_68311]|[Regular Season]|[available]|[Jamaica]|[United States of America]|[Jamaica Women's]|[68311]|[2019]|[female]|[2019]|[1212]|[Women's World Cup]|[2019-06-18 00:00:00]
25852|25545|1|[International]|[3]|[International - Women's World Cup]|[1212_68311]|[Regular Season]|[available]|[Jamaica]|[Jamaica]|[Jamaica Women's]|[68311]|[2019]|[female]|[2019]|[1212]|[Women's World Cup]|[2019-06-18 00:00:00]
25873|8193|2|[Spain]|[20, 32]|[Spain - La Liga]|[217_68324, 217_68352]|[Regular Season]|[available]|[Spain]|[Argentina]|[Barcelona]|[68324, 68352]|[2005/2006, 2004/2005]|[male]|[2005/2006, 2004/2005]|[217]|[La Liga]|[2005-04-17 00:00:00, 2006-01-22 00:00:00]
25879|15743|11|[Spain]|[25, 20, 21, 15, 11, 14, 24, 19, 7, 6, 18]|[Spain - La Liga]|[217_69172, 217_68325, 217_68320, 217_68342, 217_68324, 217_68317, 217_68321, 217_68353, 217_68348, 217_68351, 217_69164]|[Regular Season]|[available]|[Brazil]|[Sweden]|[Barcelona]|[68325, 68324, 69172, 68320, 68351, 68353, 68321, 68348, 69164, 68317, 68342]|[2005/2006, 2004/2005]|[male]|[2005/2006, 2004/2005]|[217]|[La Liga]|[2006-02-18 00:00:00, 2005-10-01 00:00:00, 2005-12-11 00:00:00, 2005-12-04 00:00:00, 2006-02-25 00:00:00, 2005-10-26 00:00:00, 2006-01-29 00:00:00, 2004-10-16 00:00:00, 2006-01-15 00:00:00, 2006-01-07 00:00:00, 2006-01-22 00:00:00]
25890|25889|1|[Spain]|[17]|[Spain - La Liga]|[221_68315]|[Regular Season]|[available]|[Spain]|[Spain]|[Levante]|[68315]|[2004/2005]|[male]|[2004/2005]|[221]|[La Liga]|[2004-12-21 00:00:00]
25896|15416|2|[Spain]|[23, 4]|[Spain - La Liga]|[422_70220, 422_69336]|[Regular Season]|[available]|[Spain]|[Finland]|[Osasuna]|[70220, 69336]|[2011/2012]|[male]|[2011/2012]|[422]|[La Liga]|[2011-09-17 00:00:00, 2012-02-11 00:00:00]
25898|6934|1|[Spain]|[15]|[Spain - La Liga]|[608_69153]|[Regular Season]|[available]|[Spain]|[Spain]|[Albacete]|[69153]|[2004/2005]|[male]|[2004/2005]|[608]|[La Liga]|[2004-12-11 00:00:00]
25908|24631|1|[Spain]|[34]|[Spain - La Liga]|[608_68316]|[Regular Season]|[available]|[Chile]|[Spain]|[Albacete]|[68316]|[2004/2005]|[male]|[2004/2005]|[608]|[La Liga]|[2005-05-01 00:00:00]
25941|25934|1|[Spain]|[14]|[Spain - La Liga]|[222_68320]|[Regular Season]|[available]|[Argentina]|[Argentina]|[Villarreal]|[68320]|[2005/2006]|[male]|[2005/2006]|[222]|[La Liga]|[2005-12-04 00:00:00]
25956|25913|2|[Spain]|[25, 6]|[Spain - La Liga]|[221_68360, 221_69151]|[Regular Season]|[available]|[Spain]|[Brazil]|[Levante]|[68360, 69151]|[2007/2008]|[male]|[2007/2008]|[221]|[La Liga]|[2008-02-24 00:00:00, 2007-09-29 00:00:00]
25964|25953|1|[Spain]|[16]|[Spain - La Liga]|[552_68322]|[Regular Season]|[available]|[Argentina]|[Spain]|[Cádiz]|[68322]|[2005/2006]|[male]|[2005/2006]|[552]|[La Liga]|[2005-12-17 00:00:00]
25986|25978|2|[Spain]|[17, 1]|[Spain - La Liga]|[209_68326, 209_68323]|[Regular Season]|[available]|[Spain]|[Brazil]|[Celta Vigo]|[68323, 68326]|[2005/2006, 2006/2007]|[male]|[2005/2006, 2006/2007]|[209]|[La Liga]|[2005-12-20 00:00:00, 2006-08-28 00:00:00]
25992|25948|4|[Spain]|[25, 29, 30, 10]|[Spain - La Liga]|[1043_69250, 1043_69325, 1043_69298, 1043_69283]|[Regular Season]|[available]|[Portugal]|[Spain]|[Mallorca]|[69325, 69250, 69298, 69283]|[2010/2011, 2011/2012, 2009/2010]|[male]|[2010/2011, 2011/2012, 2009/2010]|[1043]|[La Liga]|[2011-02-26 00:00:00, 2009-11-07 00:00:00, 2012-03-24 00:00:00, 2010-03-27 00:00:00]
25994|5601|1|[Spain]|[31]|[Spain - La Liga]|[216_69223]|[Regular Season]|[available]|[Spain]|[Serbia]|[Getafe]|[69223]|[2008/2009]|[male]|[2008/2009]|[216]|[La Liga]|[2009-04-18 00:00:00]
26009|24580|1|[Spain]|[31]|[Spain - La Liga]|[216_69223]|[Regular Season]|[available]|[Spain]|[Spain]|[Getafe]|[69223]|[2008/2009]|[male]|[2008/2009]|[216]|[La Liga]|[2009-04-18 00:00:00]
26012|6651|1|[Spain]|[4]|[Spain - La Liga]|[207_68328]|[Regular Season]|[available]|[Spain]|[Spain]|[Valencia]|[68328]|[2006/2007]|[male]|[2006/2007]|[207]|[La Liga]|[2006-09-24 00:00:00]
26012|24860|1|[Spain]|[1]|[Spain - La Liga]|[221_70277]|[Regular Season]|[available]|[Spain]|[Spain]|[Levante]|[70277]|[2013/2014]|[male]|[2013/2014]|[221]|[La Liga]|[2013-08-18 00:00:00]
26014|6614|1|[Spain]|[35]|[Spain - La Liga]|[207_69141]|[Regular Season]|[available]|[Brazil]|[Spain]|[Valencia]|[69141]|[2007/2008]|[male]|[2007/2008]|[207]|[La Liga]|[2008-05-04 00:00:00]
26031|6842|4|[Spain]|[12, 31, 24, 33]|[Spain - La Liga]|[215_267502, 215_69323, 215_69282, 215_69330]|[Regular Season]|[available]|[Spain]|[Spain]|[Athletic Bilbao]|[69330, 267502, 69323, 69282]|[2010/2011, 2011/2012, 2012/2013]|[male]|[2010/2011, 2011/2012, 2012/2013]|[215]|[La Liga]|[2011-11-06 00:00:00, 2011-02-20 00:00:00, 2013-04-27 00:00:00, 2012-03-31 00:00:00]
26055|26040|1|[Spain]|[10]|[Spain - La Liga]|[216_68339]|[Regular Season]|[available]|[Spain]|[Argentina]|[Getafe]|[68339]|[2005/2006]|[male]|[2005/2006]|[216]|[La Liga]|[2005-11-06 00:00:00]
26088|26031|1|[Spain]|[19]|[Spain - La Liga]|[215_68342]|[Regular Season]|[available]|[Spain]|[Spain]|[Athletic Bilbao]|[68342]|[2005/2006]|[male]|[2005/2006]|[215]|[La Liga]|[2006-01-15 00:00:00]
26091|4992|2|[International]|[3, 4]|[International - Women's World Cup]|[1206_68344, 1206_69163]|[Regular Season, Round of 16]|[available]|[Canada]|[Canada]|[Canada Women's]|[69163, 68344]|[2019]|[female]|[2019]|[1206]|[Women's World Cup]|[2019-06-24 00:00:00, 2019-06-20 00:00:00]
26092|4640|5|[International]|[3, 5, 4, 7, 6]|[International - Women's World Cup]|[858_69163, 858_69284, 858_69301, 858_68345, 858_69208]|[Regular Season, 3rd Place Final, Semi-finals, Round of 16]|[available]|[Sweden]|[Sweden]|[Sweden Women's]|[69284, 69163, 68345, 69208, 69301]|[2019]|[female]|[2019]|[858]|[Women's World Cup]|[2019-07-03 00:00:00, 2019-06-29 00:00:00, 2019-06-24 00:00:00, 2019-06-20 00:00:00, 2019-07-06 00:00:00]
26107|5563|3|[Spain]|[13, 32, 19]|[Spain - La Liga]|[219_69221, 219_69183, 219_69218]|[Regular Season]|[available]|[Spain]|[Mexico]|[Deportivo La Coruna]|[69221, 69218, 69183]|[2008/2009, 2009/2010]|[male]|[2008/2009, 2009/2010]|[219]|[La Liga]|[2010-04-14 00:00:00, 2009-01-17 00:00:00, 2009-12-05 00:00:00]
26107|6734|1|[Spain]|[19]|[Spain - La Liga]|[219_266230]|[Regular Season]|[available]|[Spain]|[Portugal]|[Deportivo La Coruna]|[266230]|[2014/2015]|[male]|[2014/2015]|[219]|[La Liga]|[2015-01-18 00:00:00]
26107|25881|6|[Spain]|[13, 32, 14, 28, 19, 9]|[Spain - La Liga]|[219_69221, 219_69183, 219_69218, 219_69174, 216_69315, 219_69175]|[Regular Season]|[available]|[Spain]|[Spain]|[Deportivo La Coruna, Getafe]|[69174, 69175, 69221, 69315, 69218, 69183]|[2011/2012, 2008/2009, 2009/2010, 2006/2007]|[male]|[2011/2012, 2008/2009, 2009/2010, 2006/2007]|[219, 216]|[La Liga]|[2010-04-14 00:00:00, 2006-11-04 00:00:00, 2007-03-31 00:00:00, 2009-01-17 00:00:00, 2009-12-05 00:00:00, 2011-11-26 00:00:00]
26108|26106|1|[Spain]|[18]|[Spain - La Liga]|[214_68348]|[Regular Season]|[available]|[Brazil]|[Mozambique]|[Espanyol]|[68348]|[2005/2006]|[male]|[2005/2006]|[214]|[La Liga]|[2006-01-07 00:00:00]
26118|23488|1|[Spain]|[6]|[Spain - La Liga]|[212_69297]|[Regular Season]|[available]|[Spain]|[Spain]|[Atlético Madrid]|[69297]|[2011/2012]|[male]|[2011/2012]|[212]|[La Liga]|[2011-09-24 00:00:00]
26137|26109|1|[Spain]|[7]|[Spain - La Liga]|[214_68353]|[Regular Season]|[available]|[Spain]|[Spain]|[Espanyol]|[68353]|[2004/2005]|[male]|[2004/2005]|[214]|[La Liga]|[2004-10-16 00:00:00]
26160|26088|1|[Spain]|[37]|[Spain - La Liga]|[214_69165]|[Regular Season]|[available]|[Spain]|[Spain]|[Espanyol]|[69165]|[2006/2007]|[male]|[2006/2007]|[214]|[La Liga]|[2007-06-09 00:00:00]
26169|25968|2|[Spain]|[13, 11]|[Spain - La Liga]|[1220_69285, 1220_69184]|[Regular Season]|[available]|[Spain]|[Spain]|[Recreativo Huelva]|[69184, 69285]|[2008/2009, 2007/2008]|[male]|[2008/2009, 2007/2008]|[1220]|[La Liga]|[2008-11-16 00:00:00, 2007-11-24 00:00:00]
26194|23816|4|[England]|[23, 30, 27, 28]|[England - Premier League]|[1_3749465, 1_3749233, 1_3749642, 1_3749246]|[Regular Season]|[available]|[France]|[Spain]|[Arsenal]|[3749233, 3749465, 3749642, 3749246]|[2003/2004]|[male]|[2003/2004]|[1]|[Premier League]|[2004-02-28 00:00:00, 2004-03-13 00:00:00, 2004-02-01 00:00:00, 2004-03-28 00:00:00]
26199|15402|1|[England]|[6]|[England - Premier League]|[39_3749552]|[Regular Season]|[available]|[Uruguay]|[England]|[Manchester United]|[3749552]|[2003/2004]|[male]|[2003/2004]|[39]|[Premier League]|[2003-09-21 00:00:00]
26206|25987|2|[Spain]|[13, 19]|[Spain - La Liga]|[219_69183, 219_69218]|[Regular Season]|[available]|[Spain]|[International]|[Deportivo La Coruna]|[69218, 69183]|[2008/2009, 2009/2010]|[male]|[2008/2009, 2009/2010]|[219]|[La Liga]|[2009-01-17 00:00:00, 2009-12-05 00:00:00]
26218|26064|2|[Spain]|[15, 32]|[Spain - La Liga]|[219_69221, 219_69170]|[Regular Season]|[available]|[Spain]|[Spain]|[Deportivo La Coruna]|[69221, 69170]|[2009/2010, 2007/2008]|[male]|[2009/2010, 2007/2008]|[219]|[La Liga]|[2010-04-14 00:00:00, 2007-12-09 00:00:00]
26220|24520|1|[Spain]|[5]|[Spain - La Liga]|[395_69143]|[Regular Season]|[available]|[Brazil]|[Spain]|[Real Zaragoza]|[69143]|[2007/2008]|[male]|[2007/2008]|[395]|[La Liga]|[2007-09-26 00:00:00]
26226|23793|2|[Spain]|[20, 1]|[Spain - La Liga]|[444_69147, 444_69189]|[Regular Season]|[available]|[Spain]|[Spain]|[Numancia]|[69147, 69189]|[2008/2009]|[male]|[2008/2009]|[444]|[La Liga]|[2008-08-31 00:00:00, 2009-01-24 00:00:00]
26226|26012|1|[Spain]|[13]|[Spain - La Liga]|[221_70280]|[Regular Season]|[available]|[Spain]|[Spain]|[Levante]|[70280]|[2012/2013]|[male]|[2012/2013]|[221]|[La Liga]|[2012-11-25 00:00:00]
26256|18398|2|[Spain]|[16, 35]|[Spain - La Liga]|[1041_266815, 1041_265944]|[Regular Season]|[available]|[Chile]|[Spain]|[Sporting Gijón]|[265944, 266815]|[2015/2016]|[male]|[2015/2016]|[1041]|[La Liga]|[2016-02-17 00:00:00, 2016-04-23 00:00:00]
26389|6357|1|[International]|[3]|[International - FIFA World Cup]|[794_7566]|[Group Stage]|[available]|[Mexico]|[Mexico]|[Mexico]|[7566]|[2018]|[male]|[2018]|[794]|[FIFA World Cup]|[2018-06-27 00:00:00]
26396|7030|2|[Spain]|[14, 33]|[Spain - La Liga]|[207_69149, 207_69251]|[Regular Season]|[available]|[Netherlands]|[Spain]|[Valencia]|[69251, 69149]|[2008/2009]|[male]|[2008/2009]|[207]|[La Liga]|[2008-12-06 00:00:00, 2009-04-25 00:00:00]
26399|26179|1|[Spain]|[6]|[Spain - La Liga]|[221_69151]|[Regular Season]|[available]|[Spain]|[France]|[Levante]|[69151]|[2007/2008]|[male]|[2007/2008]|[221]|[La Liga]|[2007-09-29 00:00:00]
26409|25994|1|[Spain]|[21]|[Spain - La Liga]|[1218_69296]|[Regular Season]|[available]|[Spain]|[Spain]|[Hércules]|[69296]|[2010/2011]|[male]|[2010/2011]|[1218]|[La Liga]|[2011-01-29 00:00:00]
26416|20135|1|[Spain]|[31]|[Spain - La Liga]|[222_69155]|[Regular Season]|[available]|[Italy]|[Spain]|[Villarreal]|[69155]|[2006/2007]|[male]|[2006/2007]|[222]|[La Liga]|[2007-04-22 00:00:00]
26442|26200|1|[Spain]|[30]|[Spain - La Liga]|[1043_69159]|[Regular Season]|[available]|[Serbia]|[Spain]|[Mallorca]|[69159]|[2006/2007]|[male]|[2006/2007]|[1043]|[La Liga]|[2007-04-15 00:00:00]
26457|25868|1|[Spain]|[11]|[Spain - La Liga]|[223_69164]|[Regular Season]|[available]|[Brazil]|[Spain]|[Málaga]|[69164]|[2005/2006]|[male]|[2005/2006]|[223]|[La Liga]|[2005-10-26 00:00:00]
26466|24511|1|[Spain]|[11]|[Spain - La Liga]|[218_69166]|[Regular Season]|[available]|[Argentina]|[Slovenia]|[Real Betis]|[69166]|[2007/2008]|[male]|[2007/2008]|[218]|[La Liga]|[2007-11-04 00:00:00]
26477|9399|1|[Spain]|[2]|[Spain - La Liga]|[215_69169]|[Regular Season]|[available]|[Spain]|[Spain]|[Athletic Bilbao]|[69169]|[2007/2008]|[male]|[2007/2008]|[215]|[La Liga]|[2007-09-02 00:00:00]
26487|26218|1|[Spain]|[32]|[Spain - La Liga]|[219_69221]|[Regular Season]|[available]|[Spain]|[Spain]|[Deportivo La Coruna]|[69221]|[2009/2010]|[male]|[2009/2010]|[219]|[La Liga]|[2010-04-14 00:00:00]
26488|6904|1|[Spain]|[20]|[Spain - La Liga]|[1217_69173]|[Regular Season]|[available]|[Switzerland]|[Spain]|[Racing Santander]|[69173]|[2007/2008]|[male]|[2007/2008]|[1217]|[La Liga]|[2008-01-20 00:00:00]
26489|24683|1|[Spain]|[18]|[Spain - La Liga]|[213_69243]|[Regular Season]|[available]|[Argentina]|[Spain]|[Sevilla]|[69243]|[2009/2010]|[male]|[2009/2010]|[213]|[La Liga]|[2010-01-16 00:00:00]
26492|26107|1|[Spain]|[9]|[Spain - La Liga]|[219_69174]|[Regular Season]|[available]|[Spain]|[Spain]|[Deportivo La Coruna]|[69174]|[2006/2007]|[male]|[2006/2007]|[219]|[La Liga]|[2006-11-04 00:00:00]
26496|6733|1|[Spain]|[29]|[Spain - La Liga]|[216_69303]|[Regular Season]|[available]|[Argentina]|[Spain]|[Getafe]|[69303]|[2010/2011]|[male]|[2010/2011]|[216]|[La Liga]|[2011-03-19 00:00:00]
26502|8440|1|[Spain]|[27]|[Spain - La Liga]|[219_70305]|[Regular Season]|[available]|[Brazil]|[Spain]|[Deportivo La Coruna]|[70305]|[2012/2013]|[male]|[2012/2013]|[219]|[La Liga]|[2013-03-09 00:00:00]
26522|26241|1|[Spain]|[20]|[Spain - La Liga]|[444_69189]|[Regular Season]|[available]|[Spain]|[Spain]|[Numancia]|[69189]|[2008/2009]|[male]|[2008/2009]|[444]|[La Liga]|[2009-01-24 00:00:00]
26553|26163|1|[Spain]|[8]|[Spain - La Liga]|[1217_69293]|[Regular Season]|[available]|[Côte d'Ivoire]|[Spain]|[Racing Santander]|[69293]|[2011/2012]|[male]|[2011/2012]|[1217]|[La Liga]|[2011-10-15 00:00:00]
26598|6745|2|[Spain]|[23, 21]|[Spain - La Liga]|[1217_69233, 1217_69209]|[Regular Season]|[available]|[Spain]|[Algeria]|[Racing Santander]|[69209, 69233]|[2008/2009, 2009/2010]|[male]|[2008/2009, 2009/2010]|[1217]|[La Liga]|[2010-02-20 00:00:00, 2009-02-01 00:00:00]
26615|26614|1|[Spain]|[34]|[Spain - La Liga]|[1219_69214]|[Regular Season]|[available]|[Spain]|[Spain]|[Xerez]|[69214]|[2009/2010]|[male]|[2009/2010]|[1219]|[La Liga]|[2010-04-24 00:00:00]
26624|3958|12|[Spain]|[29, 13, 23, 26, 2, 30, 37, 32, 14, 22, 35, 6]|[Spain - La Liga]|[217_69298, 217_69239, 217_69307, 217_69244, 217_69221, 217_69237, 217_69229, 217_69224, 217_69247, 217_69236, 217_69299, 217_69233]|[Regular Season]|[available]|[Venezuela (Bolivarian Republic)]|[Spain]|[Barcelona]|[69239, 69229, 69244, 69237, 69236, 69299, 69221, 69307, 69233, 69247, 69298, 69224]|[2010/2011, 2009/2010]|[male]|[2010/2011, 2009/2010]|[217]|[La Liga]|[2010-02-20 00:00:00, 2010-04-03 00:00:00, 2010-11-29 00:00:00, 2010-04-14 00:00:00, 2010-12-04 00:00:00, 2010-10-03 00:00:00, 2010-02-14 00:00:00, 2010-05-08 00:00:00, 2010-03-27 00:00:00, 2009-09-12 00:00:00, 2010-03-14 00:00:00, 2010-05-01 00:00:00]
26624|6890|1|[Spain]|[34]|[Spain - La Liga]|[217_69246]|[Regular Season]|[available]|[Venezuela (Bolivarian Republic)]|[Spain]|[Barcelona]|[69246]|[2010/2011]|[male]|[2010/2011]|[217]|[La Liga]|[2011-04-30 00:00:00]
26635|26228|1|[Spain]|[20]|[Spain - La Liga]|[1041_69220]|[Regular Season]|[available]|[Spain]|[Spain]|[Sporting Gijón]|[69220]|[2009/2010]|[male]|[2009/2010]|[1041]|[La Liga]|[2010-01-30 00:00:00]
26652|11294|1|[Spain]|[23]|[Spain - La Liga]|[216_70297]|[Regular Season]|[available]|[Spain]|[Spain]|[Getafe]|[70297]|[2012/2013]|[male]|[2012/2013]|[216]|[La Liga]|[2013-02-10 00:00:00]
26652|15656|1|[Spain]|[11]|[Spain - La Liga]|[1220_69285]|[Regular Season]|[available]|[Spain]|[Portugal]|[Recreativo Huelva]|[69285]|[2008/2009]|[male]|[2008/2009]|[1220]|[La Liga]|[2008-11-16 00:00:00]
26659|26050|1|[Spain]|[18]|[Spain - La Liga]|[422_69230]|[Regular Season]|[available]|[Spain]|[Spain]|[Osasuna]|[69230]|[2008/2009]|[male]|[2008/2009]|[422]|[La Liga]|[2009-01-11 00:00:00]
26677|3237|2|[Spain]|[3, 22]|[Spain - La Liga]|[212_69269, 212_69237]|[Regular Season]|[available]|[Spain]|[Argentina]|[Atlético Madrid]|[69269, 69237]|[2010/2011, 2009/2010]|[male]|[2010/2011, 2009/2010]|[212]|[La Liga]|[2010-02-14 00:00:00, 2010-09-19 00:00:00]
26685|6745|1|[Spain]|[14]|[Spain - La Liga]|[216_69315]|[Regular Season]|[available]|[Venezuela (Bolivarian Republic)]|[Algeria]|[Getafe]|[69315]|[2011/2012]|[male]|[2011/2012]|[216]|[La Liga]|[2011-11-26 00:00:00]
26691|26085|1|[Spain]|[38]|[Spain - La Liga]|[901_69242]|[Regular Season]|[available]|[Spain]|[Spain]|[Real Valladolid]|[69242]|[2009/2010]|[male]|[2009/2010]|[901]|[La Liga]|[2010-05-16 00:00:00]
26694|26409|1|[Spain]|[9]|[Spain - La Liga]|[360_70276]|[Regular Season]|[available]|[Spain]|[Spain]|[Rayo Vallecano]|[70276]|[2012/2013]|[male]|[2012/2013]|[360]|[La Liga]|[2012-10-27 00:00:00]
26696|6787|2|[Spain]|[15, 34]|[Spain - La Liga]|[221_70221, 221_69333]|[Regular Season]|[available]|[Côte d'Ivoire]|[Spain]|[Levante]|[69333, 70221]|[2011/2012]|[male]|[2011/2012]|[221]|[La Liga]|[2011-12-03 00:00:00, 2012-04-14 00:00:00]
26726|25955|1|[Spain]|[29]|[Spain - La Liga]|[901_69273]|[Regular Season]|[available]|[Spain]|[Spain]|[Real Valladolid]|[69273]|[2008/2009]|[male]|[2008/2009]|[901]|[La Liga]|[2009-04-04 00:00:00]
26728|19454|3|[Spain]|[26, 24, 22]|[Spain - La Liga]|[207_69328, 207_69274, 207_70282]|[Regular Season]|[available]|[Argentina]|[Portugal]|[Valencia]|[69328, 70282, 69274]|[2010/2011, 2011/2012, 2012/2013]|[male]|[2010/2011, 2011/2012, 2012/2013]|[207]|[La Liga]|[2012-02-19 00:00:00, 2011-03-02 00:00:00, 2013-02-03 00:00:00]
26736|6389|2|[Spain]|[14, 33]|[Spain - La Liga]|[215_70263, 215_267502]|[Regular Season]|[available]|[Spain]|[Spain]|[Athletic Bilbao]|[70263, 267502]|[2012/2013]|[male]|[2012/2013]|[215]|[La Liga]|[2012-12-01 00:00:00, 2013-04-27 00:00:00]
26752|25960|1|[Spain]|[9]|[Spain - La Liga]|[213_69289]|[Regular Season]|[available]|[France]|[Mali]|[Sevilla]|[69289]|[2010/2011]|[male]|[2010/2011]|[213]|[La Liga]|[2010-10-30 00:00:00]
26780|26779|2|[Spain]|[29, 10]|[Spain - La Liga]|[1049_70225, 1049_69318]|[Regular Season]|[available]|[Brazil]|[Spain]|[Granada]|[70225, 69318]|[2011/2012]|[male]|[2011/2012]|[1049]|[La Liga]|[2012-03-20 00:00:00, 2011-10-25 00:00:00]
26781|23995|1|[Spain]|[10]|[Spain - La Liga]|[1049_69318]|[Regular Season]|[available]|[Spain]|[Spain]|[Granada]|[69318]|[2011/2012]|[male]|[2011/2012]|[1049]|[La Liga]|[2011-10-25 00:00:00]
26805|6794|2|[Spain]|[15, 34]|[Spain - La Liga]|[221_69333, 221_70221]|[Regular Season]|[available]|[Spain]|[Argentina]|[Levante]|[69333, 70221]|[2011/2012]|[male]|[2011/2012]|[221]|[La Liga]|[2011-12-03 00:00:00, 2012-04-14 00:00:00]
26807|26191|2|[Spain]|[21, 2]|[Spain - La Liga]|[422_70260, 422_70262]|[Regular Season]|[available]|[Spain]|[Spain]|[Osasuna]|[70260, 70262]|[2012/2013]|[male]|[2012/2013]|[422]|[La Liga]|[2012-08-26 00:00:00, 2013-01-27 00:00:00]
26848|6381|2|[Spain]|[5, 24]|[Spain - La Liga]|[360_70302, 360_265918]|[Regular Season]|[available]|[Spain]|[Spain]|[Rayo Vallecano]|[265918, 70302]|[2013/2014]|[male]|[2013/2014]|[360]|[La Liga]|[2014-02-15 00:00:00, 2013-09-21 00:00:00]
26848|6557|1|[Spain]|[28]|[Spain - La Liga]|[360_70307]|[Regular Season]|[available]|[Spain]|[Spain]|[Rayo Vallecano]|[70307]|[2012/2013]|[male]|[2012/2013]|[360]|[La Liga]|[2013-03-17 00:00:00]
26849|26171|1|[Spain]|[29]|[Spain - La Liga]|[1049_70225]|[Regular Season]|[available]|[Brazil]|[Portugal]|[Granada]|[70225]|[2011/2012]|[male]|[2011/2012]|[1049]|[La Liga]|[2012-03-20 00:00:00]
27055|19668|2|[Spain]|[29, 10]|[Spain - La Liga]|[209_70308, 209_70256]|[Regular Season]|[available]|[Korea (South)]|[Argentina]|[Celta Vigo]|[70256, 70308]|[2012/2013]|[male]|[2012/2013]|[209]|[La Liga]|[2013-03-30 00:00:00, 2012-11-03 00:00:00]
27056|7105|1|[Spain]|[29]|[Spain - La Liga]|[209_70256]|[Regular Season]|[available]|[]|[Chile]|[Celta Vigo]|[70256]|[2012/2013]|[male]|[2012/2013]|[209]|[La Liga]|[2013-03-30 00:00:00]
27183|25859|1|[Spain]|[21]|[Spain - La Liga]|[223_70291]|[Regular Season]|[available]|[Argentina]|[Portugal]|[Málaga]|[70291]|[2013/2014]|[male]|[2013/2014]|[223]|[La Liga]|[2014-01-26 00:00:00]
27184|6695|2|[Spain]|[21, 24]|[Spain - La Liga]|[223_266148, 223_70291]|[Regular Season]|[available]|[Argentina]|[Spain]|[Málaga]|[70291, 266148]|[2013/2014, 2014/2015]|[male]|[2013/2014, 2014/2015]|[223]|[La Liga]|[2015-02-21 00:00:00, 2014-01-26 00:00:00]
27245|26102|2|[Spain]|[20, 1]|[Spain - La Liga]|[1042_266921, 1042_266794]|[Regular Season]|[available]|[Spain]|[Spain]|[Elche]|[266921, 266794]|[2014/2015]|[male]|[2014/2015]|[1042]|[La Liga]|[2014-08-24 00:00:00, 2015-01-24 00:00:00]
27249|4740|1|[Spain]|[16]|[Spain - La Liga]|[373_266846]|[Regular Season]|[available]|[Italy]|[Spain]|[Córdoba]|[266846]|[2014/2015]|[male]|[2014/2015]|[373]|[La Liga]|[2014-12-20 00:00:00]
27346|6865|1|[Spain]|[17]|[Spain - La Liga]|[218_267327]|[Regular Season]|[available]|[Brazil]|[Spain]|[Real Betis]|[267327]|[2015/2016]|[male]|[2015/2016]|[218]|[La Liga]|[2015-12-30 00:00:00]
27566|23991|1|[Spain]|[15]|[Spain - La Liga]|[422_266357]|[Regular Season]|[available]|[]|[Spain]|[Osasuna]|[266357]|[2016/2017]|[male]|[2016/2017]|[422]|[La Liga]|[2016-12-10 00:00:00]
27566|27243|1|[Spain]|[15]|[Spain - La Liga]|[422_266357]|[Regular Season]|[available]|[]|[Spain]|[Osasuna]|[266357]|[2016/2017]|[male]|[2016/2017]|[422]|[La Liga]|[2016-12-10 00:00:00]
31552|21048|12|[England]|[13, 3, 12, 1, 2, 5, 8, 16, 11, 4, 10, 6]|[England - FA Women's Super League]|[749_2275048, 749_2275085, 749_2275073, 749_2275137, 749_2275082, 749_2275109, 749_2275139, 749_2275033, 749_2275077, 749_2275034, 749_2275132, 749_2275075]|[Regular Season]|[available]|[England]|[England]|[Tottenham Hotspur Women]|[2275137, 2275033, 2275082, 2275085, 2275073, 2275139, 2275048, 2275034, 2275077, 2275075, 2275132, 2275109]|[2019/2020]|[female]|[2019/2020]|[749]|[FA Women's Super League]|[2019-12-04 00:00:00, 2019-12-15 00:00:00, 2019-10-27 00:00:00, 2020-01-05 00:00:00, 2020-01-12 00:00:00, 2019-09-29 00:00:00, 2020-01-19 00:00:00, 2019-09-08 00:00:00, 2019-10-13 00:00:00, 2020-02-12 00:00:00, 2019-11-17 00:00:00, 2019-09-15 00:00:00]
31557|31556|11|[England]|[17, 3, 1, 2, 5, 8, 14, 4, 9, 7, 6]|[England - FA Women's Super League]|[972_2275057, 972_2275150, 972_2275133, 972_2275040, 972_2275042, 972_2275049, 972_2275094, 972_2275096, 972_2275103, 972_2275048, 972_2275084]|[Regular Season]|[available]|[Germany]|[Germany]|[West Ham United LFC]|[2275094, 2275096, 2275103, 2275042, 2275048, 2275133, 2275150, 2275040, 2275049, 2275084, 2275057]|[2019/2020]|[female]|[2019/2020]|[972]|[FA Women's Super League]|[2019-10-27 00:00:00, 2019-12-01 00:00:00, 2019-12-08 00:00:00, 2020-02-23 00:00:00, 2019-11-24 00:00:00, 2019-09-29 00:00:00, 2019-09-08 00:00:00, 2019-10-13 00:00:00, 2019-11-17 00:00:00, 2020-02-02 00:00:00, 2019-09-15 00:00:00]
31568|15574|3|[England]|[17, 12, 16]|[England - FA Women's Super League]|[969_2275083, 969_2275074, 969_2275050]|[Regular Season]|[available]|[Northern Ireland]|[England]|[Birmingham City WFC]|[2275074, 2275083, 2275050]|[2019/2020]|[female]|[2019/2020]|[969]|[FA Women's Super League]|[2020-01-12 00:00:00, 2020-02-23 00:00:00, 2020-02-12 00:00:00]
33006|23412|5|[England]|[3, 2, 5, 4, 6]|[England - FA Women's Super League]|[973_2275108, 973_2275122, 973_2275033, 973_2275041, 973_2275070]|[Regular Season]|[available]|[Scotland]|[Scotland]|[Bristol City WFC]|[2275108, 2275033, 2275041, 2275122, 2275070]|[2019/2020]|[female]|[2019/2020]|[973]|[FA Women's Super League]|[2019-10-27 00:00:00, 2019-09-29 00:00:00, 2019-10-13 00:00:00, 2019-11-17 00:00:00, 2019-09-15 00:00:00]
33090|4961|1|[England]|[11]|[England - FA Women's Super League]|[971_2275072]|[Regular Season]|[available]|[England]|[Australia]|[Chelsea FCW]|[2275072]|[2019/2020]|[female]|[2019/2020]|[971]|[FA Women's Super League]|[2020-01-05 00:00:00]
33664|21021|5|[England]|[13, 12, 11, 16, 14]|[England - FA Women's Super League]|[974_2275153, 974_2275038, 974_2275036, 974_2275072, 974_2275050]|[Regular Season]|[available]|[England]|[England]|[Reading WFC]|[2275153, 2275072, 2275038, 2275036, 2275050]|[2019/2020]|[female]|[2019/2020]|[974]|[FA Women's Super League]|[2020-01-05 00:00:00, 2020-01-12 00:00:00, 2020-01-19 00:00:00, 2020-02-12 00:00:00, 2020-02-02 00:00:00]
34391|26391|1|[Europe]|[1]|[Europe - Champions League]|[24_2302764]|[Final]|[available]|[Australia]|[Spain]|[Liverpool]|[2302764]|[2004/2005]|[male]|[2004/2005]|[24]|[Champions League]|[2005-05-25 00:00:00]
35004|13435|2|[International]|[3, 1]|[International - FIFA World Cup]|[784_7532, 784_7562]|[Group Stage]|[available]|[Peru]|[Peru]|[Peru]|[7562, 7532]|[2018]|[male]|[2018]|[784]|[FIFA World Cup]|[2018-06-16 00:00:00, 2018-06-26 00:00:00]
38522|34388|1|[England]|[31]|[England - Premier League]|[24_3749448]|[Regular Season]|[available]|[Germany]|[England]|[Liverpool]|[3749448]|[2003/2004]|[male]|[2003/2004]|[24]|[Premier League]|[2004-04-09 00:00:00]
40223|15409|1|[England]|[4]|[England - Premier League]|[36_3749454]|[Regular Season]|[available]|[France]|[England]|[Manchester City]|[3749454]|[2003/2004]|[male]|[2003/2004]|[36]|[Premier League]|[2003-08-31 00:00:00]
40243|40241|1|[England]|[38]|[England - Premier League]|[22_3749257]|[Regular Season]|[available]|[Jamaica]|[England]|[Leicester City]|[3749257]|[2003/2004]|[male]|[2003/2004]|[22]|[Premier League]|[2004-05-15 00:00:00]
40246|24805|1|[England]|[6]|[England - Premier League]|[39_3749552]|[Regular Season]|[available]|[South Africa]|[Ireland]|[Manchester United]|[3749552]|[2003/2004]|[male]|[2003/2004]|[39]|[Premier League]|[2003-09-21 00:00:00]
40265|3473|1|[England]|[11]|[England - Premier League]|[101_3749346]|[Regular Season]|[available]|[Brazil]|[England]|[Leeds United]|[3749346]|[2003/2004]|[male]|[2003/2004]|[101]|[Premier League]|[2003-11-01 00:00:00]
40279|25960|1|[England]|[35]|[England - Premier League]|[38_3749068]|[Regular Season]|[available]|[England]|[Mali]|[Tottenham Hotspur]|[3749068]|[2003/2004]|[male]|[2003/2004]|[38]|[Premier League]|[2004-04-25 00:00:00]
40287|40286|1|[England]|[1]|[England - Premier League]|[29_3749493]|[Regular Season]|[available]|[China]|[Canada]|[Everton]|[3749493]|[2003/2004]|[male]|[2003/2004]|[29]|[Premier League]|[2003-08-16 00:00:00]
40329|9585|2|[England]|[21, 2]|[England - Premier League]|[47_3749153, 47_3749358]|[Regular Season]|[available]|[Brazil]|[England]|[Middlesbrough]|[3749153, 3749358]|[2003/2004]|[male]|[2003/2004]|[47]|[Premier League]|[2003-08-24 00:00:00, 2004-01-10 00:00:00]
40331|40325|1|[England]|[21]|[England - Premier League]|[47_3749153]|[Regular Season]|[available]|[Brazil]|[England]|[Middlesbrough]|[3749153]|[2003/2004]|[male]|[2003/2004]|[47]|[Premier League]|[2004-01-10 00:00:00]
40339|15505|1|[England]|[5]|[England - Premier League]|[105_3749296]|[Regular Season]|[available]|[Netherlands]|[England]|[Portsmouth]|[3749296]|[2003/2004]|[male]|[2003/2004]|[105]|[Premier League]|[2003-09-13 00:00:00]
40409|38566|1|[England]|[14]|[England - Premier League]|[55_3749192]|[Regular Season]|[available]|[Japan]|[England]|[Fulham]|[3749192]|[2003/2004]|[male]|[2003/2004]|[55]|[Premier League]|[2003-11-30 00:00:00]
